,Fold,Observed,Predicted,Residual,Latitude,Longitude
3,1,63.4545454545455,65.09379773988312,-1.6392522853376121,38.761944444,-77.207222222
10,1,86.0,65.27159139737839,20.728408602621613,38.518894445,-77.358997223
12,1,51.0,49.42795813368006,1.5720418663199425,38.841463889,-77.463786111
23,1,53.0909090909091,53.200896674886664,-0.10998758397756347,38.93725,-77.141083333
30,1,57.6363636363636,66.75786129246437,-9.121497656100772,39.257833333,-77.590444445
31,1,44.0,61.39254164384764,-17.392541643847643,38.444788889,-77.498888889
39,1,29.9090909090909,34.07568682208331,-4.166595912992413,39.095457,-78.335008
44,1,29.0740740740741,40.48588056629323,-11.411806492219132,38.909608,-78.185514
49,1,27.6363636363636,46.4958727414754,-18.8595091051118,38.7678,-78.7295
51,1,34.1818181818182,44.19083842378677,-10.009020241968571,38.902619444,-78.484502778
54,1,75.3703703703704,58.4482036714472,16.922166698923192,38.711541667,-78.638655555
56,1,50.7272727272727,51.886614130206496,-1.1593414029337978,38.244336111,-78.836277778
58,1,45.2727272727273,44.859096458557765,0.4136308141695366,38.066666667,-78.884444445
59,1,48.6363636363636,50.0164210032648,-1.3800573669012053,38.065388,-78.906994
63,1,100.0,91.4966001702208,8.503399829779198,37.450944445,-78.093416666
66,1,17.2727272727273,31.078264985832977,-13.805537713105679,38.049655556,-79.905791667
67,1,68.9090909090909,60.74750223972024,8.161588669370666,37.323083333,-79.100472222
70,1,82.0545454545454,78.94200467284787,3.1125407816975326,37.419444444,-79.146111111
76,1,66.6363636363636,86.67841542306368,-20.042051786700085,37.109969445,-78.435777778
78,1,62.2727272727273,61.66626362347539,0.6064636492519142,37.385277778,-79.211111111
83,1,67.2727272727273,48.134737654037245,19.13798961869005,37.491769,-78.7566
86,1,41.2727272727273,41.77476143360702,-0.5020341608797168,37.414291667,-80.032327778
88,1,80.5454545454545,83.59206636393412,-3.0466118184796187,37.686111111,-77.542527777
96,1,26.4545454545455,36.07413077683481,-9.619585322289307,37.809563889,-79.739097222
100,1,21.0909090909091,28.995733170229965,-7.904824079320864,37.463344445,-80.348272222
101,1,29.4545454545455,27.329845318862905,2.1247001356825947,37.463344445,-80.348272222
107,1,93.6363636363636,86.73750387508355,6.89885976128005,37.334305555,-78.009916667
109,1,96.3636363636364,92.41287693818202,3.950759425454379,37.155333333,-78.040388889
113,1,28.7272727272727,21.768601536313486,6.958671190959215,37.4128,-80.021
128,1,59.8,40.20518212328065,19.594817876719347,37.88495,-79.158911111
136,1,25.9090909090909,24.127980324271558,1.7811105848193414,37.996558333,-79.711858334
138,1,54.1818181818182,58.33911016059042,-4.157291978772221,38.045,-78.463055555
139,1,72.1,77.40090672746534,-5.300906727465346,37.398333334,-77.955
141,1,95.6363636363636,71.17559669964112,24.46076693672248,37.7474,-78.208883334
156,1,100.0,93.57493019381539,6.425069806184609,37.581197222,-77.301522222
158,1,45.2727272727273,51.852581741302586,-6.579854468575284,37.509431,-79.38294
168,1,77.5454545454545,81.15817005970236,-3.612715514247853,37.581944445,-79.0275
174,1,78.0,69.54264998020354,8.457350019796465,38.041611111,-78.673130556
178,1,9.45454545454546,22.492104622081865,-13.037559167536404,37.620491667,-80.186797222
184,1,46.078431372549,55.02930849822348,-8.95087712567448,37.634166666,-78.902777778
192,1,67.5454545454545,81.59289965002823,-14.047445104573725,37.477763889,-78.882213889
198,1,89.4545454545455,74.4231714697099,15.031373984835597,37.707777,-77.98889
199,1,77.6363636363636,88.41009682964342,-10.773733193279824,37.707777,-77.98889
208,1,60.1818181818182,71.45029324647301,-11.268475064654808,38.812,-77.873
209,1,69.5454545454545,54.75782638423597,14.787628161218535,38.449486111,-78.304888889
210,1,26.0,50.967023846355964,-24.967023846355964,38.287688889,-77.488916667
218,1,72.0909090909091,74.80467357550577,-2.7137644845966804,38.535833334,-77.828055556
220,1,97.8181818181818,73.16980544410633,24.648376374075468,38.784366667,-77.970491666
231,1,95.4545454545455,87.55446025611587,7.900085198429622,36.781527777,-79.834547222
237,1,82.9090909090909,85.78468298810326,-2.8755920790123497,36.799888889,-78.638277778
243,1,74.0,63.83199969212275,10.16800030787725,37.258519444,-79.771091667
244,1,41.0909090909091,65.60095948761105,-24.51005039670195,37.252016667,-79.324308333
247,1,71.8627450980392,66.9448757209081,4.9178693771310975,37.049216667,-79.8299
260,1,76.6981132075472,75.82319742866875,0.8749157788784458,36.592516666,-79.378233333
275,1,89.6363636363636,74.35484818359424,15.281515452769355,37.333325,-79.464599
277,1,79.2727272727273,82.85327410483717,-3.5805468321098743,36.656536111,-79.839
286,1,53.2727272727273,65.76328570858648,-12.490558435859178,36.981372222,-79.778944445
289,1,54.9090909090909,72.67798455491007,-17.76889364581917,36.690194444,-78.521888889
290,1,87.6363636363636,70.60129219600144,17.03507144036216,37.057,-79.268388889
291,1,62.7272727272727,63.82171808873838,-1.0944453614656808,36.730016667,-80.012213889
292,1,38.0,36.969840473789596,1.0301595262104044,37.187630555,-80.352116667
294,1,84.9090909090909,91.53212460618184,-6.623033697090932,37.108611111,-78.564166666
298,1,26.4545454545455,28.214013830907774,-1.7594683763622747,37.453011111,-79.550488889
306,1,74.0,63.792007214320556,10.207992785679444,36.596302778,-80.196702778
308,1,60.7272727272727,52.43356340444592,8.293709322826778,36.8436,-80.1617
318,1,65.8181818181818,65.88863313205127,-0.07045131386946935,36.590833333,-79.215555556
319,1,56.0,62.572088986042544,-6.572088986042544,37.274541666,-79.582238889
321,1,76.1818181818182,68.82756007926967,7.354258102548528,36.672186111,-79.730802778
323,1,67.6363636363636,74.23230446276322,-6.595940826399627,36.605652778,-79.971261111
328,1,35.4545454545455,55.800692773283785,-20.346147318738282,37.402069444,-79.717630556
331,1,23.4545454545455,36.59438608645583,-13.139840631910328,36.648,-80.3812
332,1,45.4545454545455,47.55030995823389,-2.095764503688386,36.802,-79.7009
333,1,48.1818181818182,75.56479084429031,-27.382972662472113,37.3432,-79.6358
334,1,33.0909090909091,65.36324977159556,-32.27234068068646,36.6272,-80.1882
342,1,95.0,78.5382667026149,16.461733297385095,36.878902778,-78.847802778
344,1,57.8181818181818,31.618044603857474,26.200137214324325,36.6331,-80.5466
346,1,87.6363636363636,90.93361286947088,-3.29724923310728,37.086388889,-77.676361111
351,1,27.3636363636364,74.20901078138377,-46.845374417747365,36.929902778,-78.357877778
352,1,52.0,70.95757971597656,-18.957579715976564,36.929902778,-78.357877778
354,1,81.8181818181818,71.584894732667,10.233287085514803,36.704527778,-77.973111112
359,1,74.0,85.12546758048602,-11.125467580486017,37.048838889,-78.410263889
363,1,96.4,84.68396665512856,11.716033344871448,36.939472223,-77.686694445
365,1,94.9090909090909,91.08512486198403,3.823966047106879,36.596083333,-77.772777778
367,1,85.6363636363636,90.99568731836887,-5.359323682005268,36.811694445,-78.047888889
371,1,50.7272727272727,70.90509148387174,-20.177818756599045,36.8125,-78.311111111
377,1,44.7272727272727,51.34687261993767,-6.619599892664972,37.159166666,-82.166111112
380,1,64.0,57.59313338287782,6.4068666171221835,37.093333334,-82.232777777
381,1,17.8181818181818,51.17426634573732,-33.356084527555524,37.1625,-82.016944445
398,1,55.4545454545455,50.62741244563025,4.827133008915254,37.027222222,-81.778611111
411,1,52.7777777777778,53.24355304644311,-0.46577526866531116,36.624166667,-83.131944444
423,1,46.3636363636364,52.34206634236124,-5.97842997872484,36.81,-81.959722222
424,1,50.7272727272727,70.22537632981009,-19.49810360253739,36.606666667,-82.738611111
425,1,59.2727272727273,51.051392495394836,8.221334777332466,36.678055556,-81.79
428,1,53.8888888888889,53.39984146769387,0.489047421195032,36.760833333,-81.5375
430,1,42.8181818181818,40.402070064120394,2.4161117540614043,36.658333333,-81.653055556
432,1,86.8518518518518,40.61620126369026,46.23565058816155,36.713333333,-81.511388889
433,1,48.3636363636364,59.21537850526763,-10.851742141631227,36.638611111,-82.260277777
453,1,57.8181818181818,72.92586028735877,-15.107678469176975,37.87805,-77.9092
467,1,68.3636363636364,48.10155883434533,20.26207752929107,36.836111111,-81.086944444
477,1,65.4545454545455,55.021190412802426,10.43335504174307,36.691111111,-80.719166667
478,1,55.8181818181818,29.662205564012275,26.155976254169524,37.243055555,-81.171388889
479,1,95.8181818181818,91.80325904687301,4.01492277130879,37.256666667,-81.459166667
485,1,42.5925925925926,48.38345334677581,-5.790860754183207,37.04755,-80.727472222
486,1,31.2037037037037,43.59195166908715,-12.388247965383453,36.968055555,-81.310833333
493,1,14.2727272727273,25.710198155688754,-11.437470882961454,37.417413889,-80.608077777
497,1,24.9090909090909,44.37853330160012,-19.469442392509222,37.1627,-80.8549
507,1,84.5454545454545,85.04815805880607,-0.5027035133515625,37.312583334,-78.401777778
525,1,52.5454545454545,62.0532717497919,-9.5078172043374,38.3015,-77.4163
526,1,66.5454545454545,59.3947376737573,7.150716871697206,38.466972223,-77.721527778
529,1,70.6363636363636,62.2372215238706,8.399142112492996,36.698,-79.898
530,1,96.5454545454545,83.97309403650313,12.572360508951377,36.781527777,-79.834547222
531,1,36.1818181818182,52.86606850894836,-16.684250327130158,37.509431,-79.38294
532,1,7.27272727272727,31.94728494122965,-24.67455766850238,37.0515,-80.8103
534,1,93.4545454545455,66.32857287634428,27.125972578201214,36.843333333,-82.894722222
535,1,48.3636363636364,56.136603305863176,-7.772966942226773,36.865555555,-82.771666666
541,1,40.0,53.199709392664765,-13.199709392664765,37.308597222,-81.9537
549,1,82.2727272727273,67.42803260867096,14.844694664056334,37.7253,-78.9088
554,1,54.8181818181818,70.41964307085284,-15.601461252671044,38.660836111,-78.655111111
566,1,28.1818181818182,35.609186229162106,-7.427368047343904,39.039722222,-77.449722223
582,1,51.0909090909091,52.11018617267541,-1.0192770817663117,38.6402,-77.5851
587,1,58.3636363636364,34.71615306609997,23.647483297536432,37.3653,-79.742611111
589,1,24.5454545454545,25.90171679267507,-1.3562622472205703,37.7974,-80.193888888
590,1,50.0,41.74967833034029,8.250321669659712,37.04204,-80.74127
595,1,45.6363636363636,48.292112908187114,-2.6557492718235167,36.5681,-81.0294
597,1,92.5454545454545,86.43936172761856,6.106092817835943,36.799888889,-78.638277778
613,1,42.1818181818182,34.35337503928902,7.828443142529181,39.0741,-78.4385
618,1,96.3636363636364,82.36434764063968,13.999288722996724,37.056,-80.299389
620,1,46.9090909090909,46.30451707230864,0.604573836782258,36.613611111,-80.711388889
622,1,81.9090909090909,74.00091668516407,7.908174223926835,38.395111,-77.954694
628,1,74.0909090909091,66.17128579465279,7.9196232962563045,37.112305556,-79.2889
636,1,52.9090909090909,55.648972526468434,-2.7398816173775344,37.634166666,-78.902777778
652,1,50.0,52.03985711216483,-2.0398571121648317,36.5905,-81.3507
673,1,76.7272727272727,75.39205988497055,1.3352128423021554,37.513305555,-78.072416666
679,1,71.8181818181818,54.28147034989453,17.536711468287265,37.509431,-79.38294
694,1,68.0,69.31091618888676,-1.3109161888867646,37.320277778,-78.6475
700,1,69.4545454545455,53.875760499460554,15.578784955084942,37.077694445,-79.454388889
701,1,82.3636363636364,84.5319726118292,-2.1683362481928015,36.950583333,-78.452583333
703,1,87.2727272727273,90.18227123901177,-2.909543966284474,37.6337,-76.692291667
711,1,24.0,26.546465690027468,-2.5464656900274676,38.439888889,-79.118475
713,1,76.2727272727273,72.87448224165148,3.3982450310758168,37.811383333,-78.7299
714,1,74.9090909090909,73.57743998314105,1.3316509259498588,37.811383333,-78.7299
717,1,45.6363636363636,53.467684031578244,-7.831320395214647,38.6375,-77.5055
721,1,47.4545454545455,47.98712611369079,-0.5325806591452888,38.858283333,-77.554325
723,1,44.7272727272727,55.95410065517973,-11.226827927907031,37.2601764,-81.28267087
726,1,39.2727272727273,46.20046418086059,-6.927736908133291,37.096961111,-81.835094445
728,1,42.3636363636364,47.97350250703853,-5.6098661434021295,36.935552778,-82.312083333
730,1,56.5454545454545,43.05758090633274,13.487873639121759,37.004722222,-81.973611111
739,1,60.7272727272727,22.58275469149485,38.14451803577785,37.4128,-80.021
745,1,38.0,51.341851879590834,-13.341851879590834,37.312664,-80.507728
752,1,59.0909090909091,57.22321118399485,1.8676979069142519,37.161292,-80.143186
755,1,40.0,38.97886247251422,1.0211375274857772,37.921861,-78.9873
756,1,25.0909090909091,37.869249377823856,-12.778340286914755,37.925069,-78.985319
760,1,33.6363636363636,25.4435887080388,8.192774928324798,38.29275,-79.23935
764,1,44.4545454545455,50.943430337199096,-6.488884882653593,37.159166666,-82.166111112
767,1,92.1818181818182,85.70534663771507,6.476471544103134,36.784825,-77.612797222
771,1,99.8181818181818,80.31221639675161,19.50596542143019,36.718711,-78.253861
780,1,72.0,68.17738928052617,3.822610719473829,37.378167,-79.438364
789,1,83.6363636363636,90.77455327272992,-7.13818963636632,37.620611,-78.228083
792,1,44.6363636363636,35.369105482801075,9.267258153562523,37.88495,-79.158911111
796,1,40.3636363636364,44.176870993965935,-3.813234630329532,37.201772,-81.636206
799,1,25.0,33.06715524087226,-8.06715524087226,38.48942,-78.422499
811,1,69.5454545454545,53.14709536051961,16.398359184934897,38.449486111,-78.304888889
812,1,45.0909090909091,60.92426025972714,-15.83335116881804,38.150286111,-78.5873
814,1,75.2727272727273,74.39844884465036,0.8742784280769342,36.602211,-79.776357
822,1,63.2727272727273,58.97587253953242,4.296854733194884,38.204166666,-78.470833333
824,1,50.5454545454545,60.165000767272744,-9.619546221818247,37.3432,-79.6358
828,1,15.4545454545455,24.104610637555147,-8.650065183009648,37.39545,-80.518044
830,1,89.0909090909091,81.4987420694097,7.592167021499392,37.965556,-76.96
842,1,56.5454545454545,63.49125428786981,-6.945799742415311,37.224556,-79.756064
843,1,60.7272727272727,63.31973601945107,-2.5924632921783726,36.867611,-79.925244
849,1,56.2727272727273,39.044248489877766,17.228478782849535,36.869166667,-80.868333334
851,1,96.0,96.31641482074079,-0.3164148207407891,37.256666667,-81.459166667
862,1,90.0,60.014594500078125,29.985405499921875,36.695583333,-78.907566667
867,1,71.1818181818182,68.71214339610901,2.469674785709188,37.574986,-78.950072
873,1,30.9090909090909,57.818325909630865,-26.909235000539965,38.062586,-78.648288
875,1,38.4545454545455,66.59867937532952,-28.14413392078402,38.095138889,-78.444830555
881,1,84.7272727272727,69.96329271086839,14.763980016404318,37.486653,-79.168817
887,1,77.4545454545455,70.8761930182934,6.578352436252089,36.924797,-79.230078
889,1,82.9090909090909,80.05110013478587,2.857990774305037,38.9294,-77.8737
892,1,55.9090909090909,61.477871061818405,-5.568780152727506,37.622833,-78.344833
898,1,56.2727272727273,45.68687436308198,10.585852909645325,36.649875,-82.552883
905,1,63.0909090909091,67.66357433848331,-4.572665247574214,37.296228,-78.458786
910,1,44.3636363636364,51.76434965698157,-7.40071329334517,37.634166666,-78.902777778
923,1,20.7272727272727,32.38922624742554,-11.661953520152839,36.805527778,-80.334827778
926,1,24.5454545454545,47.10184026060475,-22.556385715150252,37.792306,-79.413472
937,1,79.2727272727273,65.27723471579135,13.995492556935943,37.6175,-77.457777778
956,1,70.0909090909091,64.1057471077904,5.985161983118687,37.746778,-79.013497
963,1,38.2727272727273,44.057237243699944,-5.784509970972643,36.842239,-80.199358
968,1,40.0,51.455078561094595,-11.455078561094595,37.115,-82.441111111
970,1,70.9090909090909,48.025547267179796,22.88354364191111,36.652778,-82.462778
972,1,66.7272727272727,90.03330392277896,-23.30603119550625,37.657433,-77.075817
974,1,42.5454545454545,59.17527571567284,-16.629821170218342,36.725278,-80.726111
977,1,85.8,59.67195672888709,26.128043271112908,37.083611,-82.489722
983,1,47.8181818181818,53.06101970089279,-5.242837882710994,37.10715,-81.37069
984,1,58.7272727272727,55.16075888602537,3.5665138412473283,36.639761111,-79.847969444
988,1,68.5454545454545,61.534264855542176,7.011189689912328,37.058981,-79.0261
990,1,78.5185185185185,79.42804981822384,-0.9095312997053355,38.203261111,-77.6398
994,1,27.6363636363636,38.54008085202002,-10.903717215656417,37.7505,-79.535056
998,1,48.7272727272727,46.4199744439772,2.307298283295495,37.652861,-78.944194
1010,1,26.5454545454545,36.16028896509454,-9.614834419640037,38.304417,-79.621778
1015,1,52.5454545454545,54.235655493949885,-1.690200948495388,37.693556,-78.967794
1022,1,30.1818181818182,30.221382068127202,-0.03956388630900065,38.656189,-78.278986
1026,1,52.9090909090909,63.12831808361841,-10.21922717452751,38.507672,-77.640772
1036,1,83.8181818181818,72.68049375646487,11.13768806171693,37.529888889,-77.516944444
1038,1,70.0,77.57243172937078,-7.572431729370777,37.127161,-78.3535
1042,1,56.5454545454545,60.73052133932783,-4.185066793873332,38.28524,-78.364665
1047,1,43.6363636363636,43.08726645517068,0.54909718119292,37.079458,-79.495928
1050,1,46.5454545454545,55.012634462096514,-8.467179916642017,37.385277778,-79.211111111
1054,1,62.7272727272727,60.74748855536462,1.9797841719080793,36.697778,-81.316944
1058,1,35.6363636363636,42.16386931925366,-6.527505682890066,36.921111,-80.765556
1059,1,26.0,38.12724365743071,-12.12724365743071,37.205469,-80.9651
1066,1,69.8181818181818,74.19124811129251,-4.3730662931107105,37.188519,-78.268458
1068,1,80.1818181818182,81.38515740235503,-1.203339220536833,37.421666667,-78.270277778
1076,1,80.5454545454545,72.96593041544538,7.579524130009119,37.054817,-80.339781
1081,1,65.4545454545455,55.06507524386013,10.389470210685367,38.802617,-77.088392
1083,1,86.7272727272727,90.21937939496831,-3.4921066676956087,37.111333,-78.564056
1084,1,53.5454545454545,41.795004789288704,11.750449756165793,37.618306,-79.25575
1085,1,73.0909090909091,64.31839378906781,8.772515301841281,38.558136,-78.227683
1086,1,63.1818181818182,68.49974772772995,-5.317929545911753,38.794181,-77.937372
1106,1,74.5454545454545,71.34833421334636,3.197120332108142,36.951044,-77.663411
1107,1,83.0909090909091,87.89585824903374,-4.804949158124643,36.9211,-78.126025
1110,1,76.1818181818182,70.0431503538623,6.138667827955899,38.023019,-78.687131
1112,1,67.0909090909091,72.4612068665719,-5.370297775662806,37.811383333,-78.7299
1116,1,77.8181818181818,83.33933381802485,-5.521151999843056,37.101388889,-78.5625
2,2,56.8181818181818,67.24700696125028,-10.42882514306848,38.728611111,-77.203333333
5,2,33.8461538461538,38.414974995756815,-4.568821149603018,39.046666667,-77.432777777
6,2,48.3333333333333,53.08135958996834,-4.748026256635043,38.959444444,-77.544166666
7,2,51.0,66.24055141374885,-15.240551413748847,39.26055,-77.5692
9,2,51.0909090909091,63.3587846111314,-12.267875520222297,38.656222222,-77.5102
25,2,68.1818181818182,68.27913585392572,-0.09731767210752196,39.209805555,-77.621388889
29,2,83.1818181818182,73.0931118888844,10.088706292933807,39.014338889,-77.793161111
33,2,55.2727272727273,57.600458938107934,-2.3277316653806324,38.562105555,-77.608177778
47,2,53.0909090909091,56.62221196866096,-3.5313028777518625,38.199041666,-78.977677778
55,2,86.2727272727273,61.67327476393439,24.599452508792908,38.660836111,-78.655111111
60,2,39.5454545454545,46.451367793651876,-6.905913248197379,38.632907,-78.842823
62,2,99.9090909090909,81.28586113977498,18.623229769315927,37.374722222,-78.261666667
65,2,78.5454545454545,65.81503006391928,12.730424481535223,37.571033333,-78.307036111
71,2,59.6363636363636,75.82607397237742,-16.189710336013817,37.4175,-79.184444444
72,2,52.3636363636364,39.9995417931986,12.3640945704378,37.732817,-79.491328
77,2,65.9090909090909,59.72689758138231,6.182193327708596,37.658653,-79.144629
81,2,24.5454545454545,55.81086874086002,-31.265414195405523,37.588975,-78.753066666
82,2,45.0909090909091,61.174944128686064,-16.084035037776964,37.745777778,-78.490861111
84,2,70.0,74.60449132481072,-4.6044913248107235,37.811383333,-78.7299
92,2,94.5454545454545,79.8486430981933,14.696811447261197,37.482139,-77.562108
94,2,32.0,17.83519049561756,14.16480950438244,37.335344444,-80.328936112
97,2,28.6363636363636,28.473106611167637,0.1632570251959642,38.013780555,-79.636213889
104,2,12.5454545454545,19.854913247870744,-7.309458702416244,38.177135,-79.375906
106,2,84.7272727272727,72.17786275830329,12.549409968969414,37.369805555,-78.641522222
110,2,93.8181818181818,92.65751382159358,1.1606679965882165,37.155333333,-78.040388889
118,2,87.0909090909091,89.76797006417812,-2.677060973269022,37.41718,-78.28001
120,2,61.1818181818182,49.77549977078544,11.406318411032764,37.931325,-79.365463889
135,2,90.0,77.21801428932807,12.781985710671933,38.117602778,-78.572358333
137,2,27.3636363636364,38.716630931765835,-11.352994568129436,37.945116666,-79.457363889
144,2,67.0,67.04939496554779,-0.04939496554779055,37.757305555,-78.250566667
145,2,75.9090909090909,74.85614718659231,1.052943722498597,37.6175,-77.457777778
155,2,32.6363636363636,41.61735442787005,-8.98099079150645,37.781847222,-79.163475
165,2,56.0,59.328021435094435,-3.328021435094435,37.866972222,-78.822005555
177,2,42.6363636363636,57.558212722624674,-14.921849086261076,38.040444445,-78.477333334
182,2,79.2727272727273,74.71475894740229,4.557968325325007,37.386388889,-79.211111111
196,2,84.0,88.3156403148403,-4.315640314840294,37.573083334,-78.268083333
204,2,71.0909090909091,66.3823926649563,4.708516425952794,38.402102,-77.869741
211,2,50.5454545454545,80.3396479209793,-29.794193375524806,38.256388889,-77.235277778
213,2,100.0,77.89381593510065,22.106184064899352,38.1205,-77.1443
215,2,83.0909090909091,61.81833827643835,21.272570814470747,38.244519444,-78.200330555
221,2,78.7272727272727,87.85829564256387,-9.131022915291169,38.784366667,-77.970491666
223,2,66.9090909090909,68.89546001218685,-1.9863691030959387,38.5889,-77.95885
227,2,88.7272727272727,73.08999533098354,15.637277396289164,38.8492,-77.9945
235,2,99.2727272727273,85.43659029123646,13.836136981490839,36.905583333,-79.046083334
238,2,50.6363636363636,66.47003309601803,-15.83366945965443,37.3111,-79.7215
239,2,100.0,86.85593455717176,13.144065442828236,36.557966667,-78.926922223
248,2,78.9090909090909,74.0833497044936,4.825741204597307,37.044097222,-79.916902778
249,2,49.0909090909091,65.8341595739118,-16.743250483002704,36.5595,-79.679805556
250,2,58.9090909090909,50.65884690186275,8.250244007228147,36.994347222,-79.533213889
254,2,62.3636363636364,68.87820410238096,-6.51456773874456,36.920697222,-79.773
256,2,78.9090909090909,90.88292293550515,-11.973832026414243,36.720172222,-78.2519
259,2,58.3636363636364,65.17829038496549,-6.8146540213290905,36.849,-78.536972222
261,2,55.9090909090909,63.34772470180801,-7.438633792717113,37.211666667,-79.264444445
265,2,65.2727272727273,73.7897168619237,-8.516989589196399,36.932777778,-79.309583333
266,2,72.0,76.21099688957747,-4.210996889577473,37.169094444,-79.536238889
270,2,69.8181818181818,69.23608973273247,0.5820920854493323,37.3175,-79.463888889
273,2,74.9090909090909,84.63744651672519,-9.728355607634285,37.294202778,-79.451872223
274,2,90.4545454545455,67.27340596464377,23.181139489901724,37.3019,-79.453
280,2,66.0909090909091,73.67123138240109,-7.580322291491996,37.250277778,-79.088611111
281,2,69.0909090909091,63.2277526594814,5.86315643142769,36.853163889,-79.865030555
285,2,77.9090909090909,71.21326517367918,6.695825735411731,36.9326,-79.5383
296,2,66.4545454545455,49.84116148569759,16.613383968847906,37.169719445,-80.236372222
299,2,24.8,29.24813007560833,-4.448130075608329,37.453011111,-79.550488889
305,2,68.1818181818182,63.42247082323935,4.75934735857885,36.568219444,-80.1486
307,2,99.6,94.14732218815942,5.452677811840573,36.818219444,-79.057608333
309,2,93.8181818181818,84.74332020364058,9.07486161454122,36.672388889,-79.602277778
310,2,80.5454545454545,80.13918989495757,0.4062646504969365,36.664580556,-79.623980556
312,2,51.8181818181818,62.92734665063273,-11.10916483245093,37.361280555,-79.913555555
314,2,86.9090909090909,82.15112243425612,4.757968474834783,36.676994445,-79.645908333
327,2,15.5454545454545,24.52496728874283,-8.979512743288328,37.328213889,-80.143433333
329,2,81.4545454545455,64.00421778332273,17.450327671222766,37.390419444,-79.376780556
336,2,58.0,65.77843609728932,-7.778436097289315,37.112085,-79.604624
350,2,72.5454545454545,53.6820412460223,18.863413299432203,36.929902778,-78.357877778
355,2,85.9090909090909,81.95669786408384,3.952393045007071,36.598,-77.741
357,2,96.3636363636364,95.30524862006442,1.0583877435719842,36.794797222,-78.143419444
361,2,100.0,96.81254928194998,3.187450718050016,37.016111111,-78.050555556
362,2,92.7272727272727,90.35746599544522,2.369806731827481,37.100141666,-78.22985
370,2,100.0,93.90895054778706,6.091049452212943,36.8219,-76.8915
388,2,56.5454545454545,71.23772162955308,-14.692267084098582,37.118611111,-82.596944444
389,2,48.0,45.00056037663708,2.9994396233629175,37.062222222,-82.697777778
390,2,51.6363636363636,60.12787370211684,-8.49151006575324,37.208611111,-82.265277778
394,2,28.5454545454545,45.56545084353876,-17.019996298084262,36.965277778,-82.051666667
404,2,40.0909090909091,56.512909570720325,-16.422000479811224,36.623055556,-83.355277778
405,2,62.7272727272727,53.55333293800433,9.173939789268367,36.865555555,-82.771666666
409,2,50.3636363636364,47.51160365459694,2.852032709039463,37.035833334,-81.917777777
413,2,62.2727272727273,45.88873513797677,16.383992134750535,36.669444445,-82.642777778
420,2,51.4545454545455,42.899721962662525,8.554823491882978,36.958611111,-81.474722222
427,2,33.4545454545455,30.618672624848053,2.8358728296974505,36.774722223,-81.608888889
429,2,34.3636363636364,55.326521254341685,-20.962884890705283,36.745,-81.646111111
435,2,99.0909090909091,93.78087146906407,5.3100376218450265,37.594388889,-76.595305556
436,2,76.7272727272727,84.83267869371245,-8.105405966439747,37.776611111,-76.805805555
439,2,92.3636363636364,76.1937003555651,16.169936008071303,37.34,-76.704166667
442,2,61.6363636363636,86.88807400070002,-25.251710364336418,37.952280555,-77.2191
445,2,60.5454545454545,59.0748453265375,1.470609218916998,38.123388889,-77.80895
447,2,73.0909090909091,81.13889566284912,-8.04798657194003,38.203261111,-77.6398
448,2,60.0,78.73692341961234,-18.73692341961234,38.203261111,-77.6398
449,2,50.9090909090909,64.79603626178161,-13.88694535269071,38.229261111,-77.7325
451,2,63.4545454545455,66.21651048385564,-2.76196502931014,38.218741667,-77.940597222
457,2,59.2727272727273,64.59709680548363,-5.324369532756329,37.79975,-77.528472223
458,2,96.0,83.72306465535833,12.276935344641672,38.057594445,-77.472288889
462,2,97.6363636363636,84.18058235758689,13.455781278776712,37.8848,-77.7473
464,2,90.3636363636364,89.9533551030955,0.41028126054089853,37.056,-80.299389
465,2,44.7272727272727,45.816505891549596,-1.089233164276898,37.143088889,-80.4351
481,2,82.156862745098,74.15145473768021,8.005408007417785,36.9987,-80.383102778
482,2,66.5454545454545,54.96917235722109,11.576282188233414,37.126944444,-81.377222222
501,2,28.4545454545455,49.43669090025918,-20.98214544571368,37.192083333,-80.975
504,2,92.2727272727273,63.52063704031493,28.752090232412364,36.638333333,-81.150555555
506,2,70.3636363636364,79.43286336968215,-9.06922700604575,36.804583333,-79.335583334
513,2,72.9090909090909,90.48473222717526,-17.57564131808435,36.6142,-77.9771
519,2,88.9090909090909,71.54077851666452,17.36831239242639,37.7375,-78.0485
522,2,62.1818181818182,64.40751546413101,-2.225697282312808,38.5503,-77.5014
523,2,55.0909090909091,55.519641316585876,-0.42873222567677516,38.0681,-78.1475
528,2,62.9090909090909,57.85690351096868,5.052187398122221,36.931303,-79.9484
533,2,24.5454545454545,28.873243638583265,-4.327789093128764,37.463344445,-80.348272222
536,2,30.1818181818182,38.90886608182138,-8.727047900003178,36.981388889,-81.281111111
538,2,63.1818181818182,66.34222028597779,-3.160402104159587,36.670555555,-80.933611111
539,2,67.0,42.45425368341907,24.54574631658093,36.951083333,-82.792638889
542,2,58.8181818181818,44.53611976875505,14.282062049426749,37.634166666,-78.902777778
543,2,32.0,18.898229954690777,13.101770045309223,38.177135,-79.375906
545,2,74.6363636363636,74.80506278825197,-0.1686991518883758,38.0289,-78.6722
548,2,81.6363636363636,77.31669631020684,4.319667326156761,38.375149,-79.017014
552,2,79.8181818181818,53.32040658305897,26.49777523512283,39.065833333,-78.003611111
557,2,38.3636363636364,64.955221348608,-26.591584984971604,36.862222222,-80.986111111
558,2,99.4545454545455,84.75269590126472,14.70184955328078,37.137888889,-77.500305556
561,2,76.1818181818182,65.36816852032293,10.813649661495276,39.204873,-77.623817
570,2,35.7692307692308,47.38184962839058,-11.612618859159781,38.059888889,-78.893611111
572,2,30.1818181818182,27.579158701602353,2.6026594802158485,37.7908,-79.1456
575,2,69.1818181818182,71.57067516365638,-2.388856981838174,38.018333333,-78.460833333
578,2,64.9090909090909,55.93417824493155,8.974912664159355,38.5546,-78.1917
583,2,67.9090909090909,77.87436453161082,-9.965273622519916,37.7583,-77.6899
585,2,43.4545454545455,42.12578802151119,1.328757433034312,36.7024,-80.3995
588,2,58.6363636363636,53.47512240887934,5.161241227484254,37.1256,-79.960888889
591,2,23.2727272727273,29.298667238535117,-6.025939965807819,37.4128,-80.021
593,2,56.9090909090909,57.0241600849973,-0.11506917590639887,36.8436,-80.1617
594,2,94.5454545454545,89.11218189119631,5.4332726542581895,37.256666667,-81.459166667
596,2,53.0909090909091,43.97314553959713,9.117763551311974,37.0923,-81.7853
598,2,85.2727272727273,87.04292629316774,-1.7701990204404439,36.666297222,-79.352791667
599,2,88.0,78.76800435033708,9.23199564966292,36.731888889,-78.617
602,2,96.1818181818182,75.06546879628978,21.116349385528423,37.625555556,-77.583861111
605,2,44.9090909090909,47.55518667860434,-2.646095769513444,36.742,-82.1576
614,2,51.0909090909091,48.73749238112173,2.3534167097873677,37.102008,-81.042878
615,2,30.5454545454545,26.441868222620116,4.103586322834385,38.045719,-79.877608
626,2,62.0,55.861720561277224,6.138279438722776,37.859586111,-78.332788889
629,2,73.5185185185185,78.04746743686793,-4.528948918349428,37.099444445,-79.281388889
630,2,90.1818181818182,89.9440103625857,0.2378078192325006,37.229666667,-78.421111111
631,2,68.0,69.36206104685185,-1.3620610468518493,37.320277778,-78.6475
634,2,84.2727272727273,78.55456750529945,5.718159767427849,36.701666667,-78.886388889
650,2,36.7272727272727,31.75583060997557,4.97144211729713,36.6781,-81.5785
660,2,92.3636363636364,83.43452611321818,8.92911025041822,37.100888889,-78.737
665,2,36.0,32.715535512589895,3.284464487410105,38.4126,-78.3888
667,2,70.7272727272727,79.78181946499738,-9.054546737724678,38.0984,-77.6368
674,2,84.5,78.37527297450895,6.124727025491055,37.6625,-77.260388889
675,2,77.6363636363636,81.82425838060416,-4.187894744240566,37.707777,-77.98889
677,2,80.7272727272727,64.7017085301165,16.0255641971562,36.5836,-80.1128
678,2,88.5454545454545,51.58026965937053,36.965184886083975,37.4609,-79.4021
689,2,31.3636363636364,19.854748377272912,11.508887986363487,37.373916667,-80.5735
692,2,29.0,26.45345605472323,2.5465439452767704,38.702963889,-78.268669444
695,2,79.4545454545455,76.84958321586028,2.604962238685218,37.615088,-78.552507
706,2,91.4545454545455,87.36664524557516,4.087900208970339,37.903111111,-76.335194445
707,2,91.4545454545455,84.02130953408441,7.433235920461087,36.922027778,-77.870694445
708,2,39.2727272727273,46.301781861937975,-7.0290545892106735,37.966202778,-79.381088889
712,2,30.0,64.35519280550723,-34.35519280550723,38.095753,-78.39979
720,2,43.6363636363636,62.97914058065874,-19.342776944295146,38.940627778,-77.409497222
731,2,39.2727272727273,30.54118433273437,8.73154293999293,36.923333333,-82.592222223
732,2,30.7272727272727,34.05981268638683,-3.3325399591141256,36.930833333,-82.535
736,2,90.9090909090909,73.9935449122207,16.915545996870208,37.089897,-76.444664
737,2,33.4545454545455,44.99813234975737,-11.543586895211867,37.3316,-79.9512
740,2,54.3636363636364,53.016668340001914,1.3469680236344885,37.3432,-79.6358
741,2,57.8181818181818,62.97514425284464,-5.156962434662844,36.8436,-80.1617
758,2,15.6363636363636,20.237924239048844,-4.601560602685245,38.275739,-79.335369
762,2,38.1818181818182,36.462361059698154,1.7194571221200476,38.220731,-79.146219
781,2,53.5454545454545,58.07634950065344,-4.530894955198946,36.950464,-82.211706
782,2,61.4545454545455,70.82988549183487,-9.37534003728937,36.8755,-79.276556
783,2,39.2727272727273,56.87895806867919,-17.606230795951888,38.782922,-78.08065
787,2,82.5454545454545,61.60214417311253,20.943310372341976,36.749167,-79.566
790,2,35.2727272727273,31.097881977012058,4.174845295715244,37.277781,-80.108792
793,2,44.0,49.86789456592415,-5.8678945659241535,37.634166666,-78.902777778
798,2,39.2727272727273,62.57559740245926,-23.302870129731957,37.82355,-77.20755
807,2,80.9090909090909,67.95764850605435,12.951442403036552,37.653444,-77.727306
816,2,82.0,75.06884977382431,6.9311502261756885,36.701111111,-79.933055556
823,2,43.6363636363636,57.82632652525926,-14.189962888895664,36.959386,-80.383414
825,2,20.8181818181818,33.79574740351705,-12.977565585335249,37.4128,-80.021
832,2,49.6363636363636,70.04399405654405,-20.407630420180453,38.395111,-77.954694
845,2,73.0909090909091,75.03156630787905,-1.940657216969953,36.815164,-79.641175
869,2,22.5454545454545,27.548627091154085,-5.003172545699584,37.791833333,-79.429611111
872,2,14.3636363636364,44.81940640804285,-30.45577004440645,39.305758,-78.288619
874,2,58.4545454545455,64.07716133784024,-5.622615883294735,38.123297,-78.486597
876,2,66.5454545454545,67.10798402811726,-0.5625294826627538,38.1345,-78.5195
886,2,68.9090909090909,85.44516964451746,-16.536078735426557,36.676872,-78.218352
890,2,61.6363636363636,70.46243707291879,-8.826073436555191,36.924797,-79.230078
895,2,22.8181818181818,25.646635025664594,-2.828453207482795,37.310119,-80.681
901,2,75.8181818181818,55.87073972190206,19.947442096279737,36.600803,-81.168256
904,2,32.2727272727273,30.91377180106074,1.3589554716665617,37.209367,-80.965353
912,2,84.8181818181818,71.4799329075551,13.338248910626703,36.754781,-79.723394
914,2,31.0909090909091,47.380176636523295,-16.289267545614194,37.507656,-79.714661
930,2,74.7272727272727,70.79895897494649,3.9283137523262184,37.243611111,-77.441666667
935,2,53.1818181818182,67.61889694566848,-14.43707876385028,37.380694444,-77.4225
941,2,73.8181818181818,72.99682627958197,0.8213555385998319,37.625555556,-77.583861111
943,2,95.8181818181818,89.42871108725437,6.389470730927428,37.255,-78.392777778
946,2,55.4545454545455,63.825805965856944,-8.37126051131144,38.4725,-77.973055555
947,2,68.7272727272727,42.06278830451958,26.664484422753127,38.789608,-77.061231
950,2,58.1818181818182,42.186459676741315,15.995358505076887,38.6375,-77.5055
961,2,100.0,85.82115825984364,14.178841740156358,36.713419,-78.8012
964,2,41.5454545454545,47.337767170721214,-5.792312625266717,36.830308,-80.18125
967,2,52.5454545454545,50.514631648402364,2.0308228970521327,37.109722,-82.111667
985,2,30.0909090909091,60.02536440466792,-29.934455313758818,38.308369,-77.959503
989,2,35.6363636363636,54.7372884230973,-19.1009247867337,37.519419,-78.7752
991,2,72.1818181818182,35.73249146060543,36.44932672121277,38.538389,-78.846722
1001,2,42.4545454545455,37.22415128585972,5.230394168685784,37.264444444,-79.915277778
1003,2,33.7272727272727,41.6578907302232,-7.930618002950503,37.23875,-79.84525
1004,2,62.6363636363636,60.229791500411736,2.406572135951862,37.4175,-79.184444444
1006,2,70.0,71.53281552419031,-1.5328155241903119,37.6957,-78.968197
1030,2,67.0909090909091,84.18914334341743,-17.098234252508334,37.417153,-78.278856
1033,2,72.9090909090909,84.3985633050462,-11.48947239595529,37.253333333,-77.738888888
1040,2,75.4545454545455,73.93677604303699,1.5177694115085103,37.858794,-77.419386
1041,2,33.8181818181818,48.630503178342366,-14.812321360160567,36.775278,-81.587222
1043,2,76.2727272727273,84.4493586976347,-8.176631424907399,36.781527777,-79.834547222
1055,2,42.3636363636364,19.576565570173052,22.78707079346335,36.823611,-81.353889
1061,2,56.9444444444444,52.63817675509615,4.306267689348253,37.509431,-79.38294
1071,2,58.4545454545455,58.51171686830187,-0.057171413756364586,37.407267,-78.983378
1075,2,46.1818181818182,41.2614909588232,4.920327222994999,37.212858,-80.237189
1079,2,34.0,27.391017160363024,6.608982839636976,37.240083,-80.924111
1089,2,73.8181818181818,50.57725728400483,23.24092453417697,37.3432,-79.6358
1113,2,27.6363636363636,29.048661254127538,-1.4122976177639366,38.123444,-79.779725
0,3,62.5454545454545,60.623629730021825,1.9218248154326716,38.728611111,-77.203333333
11,3,83.0909090909091,75.96833826247212,7.122570828436977,38.88775,-77.83835
15,3,85.0909090909091,74.98187965758439,10.109029433324707,39.0125,-77.683055555
18,3,55.9259259259259,54.38048528224103,1.54544064368487,38.820319444,-77.257969445
22,3,80.0,53.629181479527674,26.370818520472326,39.2962,-77.7343
24,3,67.2727272727273,54.27681214547404,12.995915127253255,38.7318,-77.2198
28,3,63.8181818181818,64.03304808628522,-0.21486626810342102,38.86033,-77.16604
41,3,66.3636363636364,60.332022387628406,6.031613976007996,38.354333334,-78.939361111
42,3,48.0,33.330499513096555,14.669500486903445,38.928888889,-78.190277778
43,3,40.6363636363636,34.471433360190396,6.164930276173202,38.909608,-78.185514
61,3,31.8181818181818,57.25490942049693,-25.43672760231513,37.921694444,-79.2008
68,3,100.0,91.03287532524395,8.96712467475605,37.25,-78.485555556
69,3,96.3636363636364,86.37070893237232,9.992927431264079,37.420827778,-78.274433333
73,3,100.0,78.65219541970119,21.347804580298813,37.802166667,-77.959111111
74,3,77.1818181818182,63.45098401317945,13.73083416863875,38.018333333,-78.460833333
75,3,98.0,90.45074247045255,7.549257529547447,37.22255,-78.424088889
79,3,49.8181818181818,66.98385581598617,-17.165673997804376,37.735936111,-78.722297223
89,3,83.5454545454545,78.0474812584415,5.497973287013011,37.595694445,-77.476
90,3,40.2727272727273,40.46568384702894,-0.1929565743016397,37.781711111,-79.583061111
93,3,29.8181818181818,25.16744713824784,4.650734679933958,37.5112,-80.0876
99,3,29.5454545454545,26.725554085656505,2.8199004597979958,37.463344445,-80.348272222
108,3,92.7272727272727,90.19836272741034,2.528909999862364,37.190744444,-78.402627778
114,3,16.1818181818182,30.637784121194592,-14.45596593937639,37.4128,-80.021
116,3,58.5454545454545,50.22379979489616,8.321654750558338,37.416111111,-78.636138889
117,3,69.6363636363636,69.72498853061218,-0.08862489424858211,37.754663889,-78.419469444
125,3,29.4545454545455,30.458938344729443,-1.0043928901839436,38.184533333,-79.731175
126,3,43.0909090909091,38.37427298537924,4.716636105529858,37.4811,-80.2604
131,3,31.8181818181818,42.476627835914044,-10.658446017732246,37.88495,-79.158911111
132,3,89.9090909090909,69.81937919192951,20.089711717161393,37.173694445,-78.315777778
133,3,71.0,62.08065919474244,8.919340805257562,37.658058333,-79.175713889
140,3,87.0909090909091,80.38853476541074,6.702374325498354,37.230277778,-78.666666666
148,3,80.1818181818182,70.96349094049582,9.218327241322385,37.3875,-78.862777778
153,3,77.1818181818182,73.14070369806156,4.041114483756644,38.17,-78.355
163,3,77.5,55.877072518158606,21.622927481841394,37.81265,-78.7588
164,3,64.8181818181818,55.76701126634721,9.051170551834588,37.843538889,-78.816069445
167,3,80.1818181818182,69.43705496889845,10.74476321291975,37.581944445,-79.0275
169,3,72.4545454545455,71.23411545056638,1.2204300039791178,37.583888889,-79.030833333
172,3,81.2,84.526317878431,-3.3263178784309986,37.359805556,-77.512527778
173,3,90.7272727272727,84.71109846438608,6.016174262886622,37.359805556,-77.512527778
176,3,43.1818181818182,70.10857760694759,-26.92675942512939,37.634527778,-77.604694444
179,3,47.6363636363636,62.992307256251486,-15.355943619887888,37.425694444,-78.974083333
181,3,70.6363636363636,68.78643356842173,1.8499300679418695,37.386388889,-79.211111111
185,3,32.9090909090909,48.977737293616414,-16.068646384525515,37.634166666,-78.902777778
188,3,30.8181818181818,34.49753189592255,-3.67935007774075,37.799788889,-79.006541667
193,3,86.7272727272727,65.59212590704125,21.135146820231455,37.570833333,-79.0825
203,3,80.5454545454545,65.64518975118817,14.900264794266334,38.240669445,-78.197280556
212,3,80.3636363636364,75.2486481702339,5.114988193402496,38.455630555,-77.955519445
214,3,75.8181818181818,67.2314256321731,8.5867561860087,38.358972222,-77.973055555
222,3,95.6363636363636,80.13535798959845,15.501005646765151,38.1624,-77.024
228,3,59.5454545454545,81.91064525626328,-22.365190710808783,36.920772222,-78.907494444
234,3,50.3636363636364,68.27221128547477,-17.908574921838365,37.049861111,-79.947227778
236,3,68.1818181818182,65.5106720229748,2.671146158843399,37.045556,-79.252778
251,3,30.0,45.305321333179656,-15.305321333179656,36.988211111,-79.551272222
257,3,22.9090909090909,40.7667058686483,-17.857614959557402,36.650036111,-80.447730555
264,3,45.8181818181818,48.65429944757576,-2.8361176293939607,36.613611111,-80.711388889
271,3,53.4545454545455,53.160214743546504,0.29433071099899877,36.792347222,-80.165263889
272,3,68.0,77.08201165853748,-9.082011658537482,36.595858,-78.955
278,3,48.0,68.0918681444318,-20.0918681444318,36.639761111,-79.847969444
284,3,48.9090909090909,59.9613465511751,-11.052255642084198,37.228075,-79.356141667
300,3,81.9090909090909,76.35166686246404,5.557424046626863,37.058194445,-79.323583334
302,3,89.0909090909091,82.70375136938407,6.387157721525028,36.765194445,-79.296083334
311,3,68.0909090909091,58.11810647196461,9.972802618944485,37.361280555,-79.913555555
316,3,79.1818181818182,68.1129255626988,11.068892619119396,37.256677778,-79.505655555
324,3,74.3636363636364,63.25433205905369,11.109304304582714,36.784952778,-79.921083333
326,3,38.9090909090909,59.72742250114673,-20.818331592055827,37.16825,-79.7672
335,3,64.3636363636364,62.576241327848834,1.7873950357875685,37.112085,-79.604624
338,3,65.4545454545455,65.35859747156452,0.09594798298097373,37.174788889,-79.096491667
340,3,79.2727272727273,79.50643766192395,-0.2337103891966592,36.648333333,-78.876944445
356,3,94.7272727272727,87.3916054697803,7.335667257492403,36.784444,-78.046944
360,3,92.0,84.34299138669158,7.65700861330842,36.90055,-77.672222223
366,3,68.4545454545455,70.41877126105382,-1.964225806508324,36.775388889,-77.833277778
368,3,71.1818181818182,81.67435420041804,-10.492536018599836,36.740388889,-78.080444445
375,3,62.7272727272727,52.12130368051444,10.605969046758261,37.051666667,-82.546388889
382,3,63.7735849056604,49.32521574984805,14.448369155812351,37.307222222,-82.1575
383,3,46.6363636363636,48.90848496172977,-2.2721213253661716,37.196944445,-81.962777778
393,3,56.6037735849057,49.30568954919769,7.2980840357080154,36.923055555,-82.213611111
395,3,52.3636363636364,45.40567104584588,6.957965317790524,37.159722222,-81.707777778
396,3,12.0,43.76093451656583,-31.760934516565833,36.872222222,-82.473333333
408,3,46.7272727272727,43.547864578812174,3.1794081484605243,36.776388889,-83.056944444
412,3,21.6363636363636,45.83553636552027,-24.19917272915667,36.806666667,-82.444722222
416,3,72.5,72.29281270488148,0.20718729511851564,36.738333333,-82.04
417,3,84.5454545454545,57.24031163080555,27.305142914648954,36.856944444,-81.470277778
422,3,46.5454545454545,46.52743850550732,0.018016039947177376,36.81,-81.959722222
426,3,27.037037037037,39.97223168925877,-12.935194652221771,36.765277778,-81.621388889
431,3,56.1818181818182,62.177873912042394,-5.996055730224192,36.670555555,-81.97
434,3,94.7272727272727,89.40713560200555,5.320137125267152,37.824666666,-76.905111111
440,3,92.3636363636364,82.65167378879049,9.711962574845913,37.895444444,-77.722027777
444,3,89.0,77.94028881638286,11.05971118361714,37.949383334,-77.617102778
446,3,95.0909090909091,75.39497431669888,19.695934774210215,38.203261111,-77.6398
450,3,70.1818181818182,73.77284819577392,-3.5910300139557165,37.934125,-78.064213889
454,3,52.0909090909091,71.95529527150255,-19.86438618059345,38.091944445,-78.19
456,3,97.4545454545455,86.75092946142153,10.703615993123961,37.5715,-77.090888889
468,3,52.2727272727273,59.132460093470335,-6.859732820743034,36.720138889,-80.911388889
473,3,52.8301886792453,57.70526328947549,-4.875074610230186,36.886388889,-80.659166666
475,3,83.4545454545455,49.02005753892748,34.434487915618014,36.731111111,-81.080277778
483,3,37.8181818181818,37.776338706020375,0.041843112161423335,37.173088889,-80.768094444
487,3,58.6792452830189,66.70856013529941,-8.029314852280507,36.728055556,-80.586944444
490,3,23.6363636363636,25.61280021653397,-1.9764365801703683,36.984722222,-81.1875
491,3,55.1818181818182,37.32959591133222,17.85222227048598,36.990555555,-81.193333334
494,3,56.7272727272727,53.936816848057525,2.7904558792151732,37.232863889,-80.506591666
495,3,16.7272727272727,27.80400842836408,-11.07673570109138,37.310119,-80.681
498,3,42.6923076923077,41.926930680800105,0.7653770115075957,37.15937,-80.857599
499,3,41.2727272727273,50.76453053529906,-9.491803262571757,37.104641667,-81.021011111
500,3,48.1818181818182,49.66480551818378,-1.482987336365582,37.102008,-81.042878
512,3,79.9090909090909,76.42834235499735,3.4807485540935517,37.1835,-79.034888889
514,3,73.8181818181818,76.01414389615405,-2.195962077972254,37.195694444,-78.9505
516,3,91.6363636363636,86.98376691979004,4.652596716573555,37.433194444,-78.282388889
518,3,94.9090909090909,86.3848965625214,8.524194346569502,37.682555556,-77.568166667
521,3,83.0909090909091,81.69658802813265,1.3943210627764415,37.7835,-77.6973
527,3,64.0,74.55167666662186,-10.551676666621859,38.203261111,-77.6398
544,3,60.9090909090909,48.765944568916055,12.143146340174845,37.7488,-79.5598
547,3,31.9090909090909,43.13797683775521,-11.228885928664312,37.88495,-79.158911111
551,3,55.4545454545455,62.892884670172265,-7.438339215626762,39.085833333,-77.987222223
559,3,13.7037037037037,24.15564062275349,-10.45193691904979,38.177135,-79.375906
560,3,5.09090909090909,28.006851578888295,-22.915942487979205,37.839863889,-80.122458334
567,3,28.0,43.685396737145915,-15.685396737145915,38.960472222,-77.431527778
568,3,24.8181818181818,28.515120558828084,-3.696938740646285,37.791833333,-79.429611111
576,3,82.6363636363636,66.64192354454157,15.994440091822028,37.811383333,-78.7299
580,3,60.3636363636364,62.45005023848253,-2.08641387484613,38.4278,-77.5038
581,3,39.6363636363636,60.586466635144475,-20.950102998780878,37.9107,-78.0209
584,3,27.4545454545455,48.17145675103078,-20.716911296485282,37.4008,-80.807
601,3,77.2727272727273,68.31220702805852,8.960520244668771,37.5415,-78.530694444
604,3,91.6363636363636,88.45312925205526,3.183234384308335,37.004111111,-77.752416667
611,3,72.0,73.67100860989049,-1.6710086098904924,36.837,-78.844388889
616,3,97.2727272727273,81.20072863806442,16.071998634662876,38.1624,-77.024
617,3,44.7272727272727,49.279837056506246,-4.552564329233547,37.491769,-78.7566
621,3,83.9090909090909,68.17832732206914,15.73076358702177,38.395111,-77.954694
633,3,88.9090909090909,86.18239213039622,2.726698778694683,36.695583333,-78.907566667
643,3,50.5454545454545,55.632876002263544,-5.087421456809047,37.1836,-82.214
644,3,49.1818181818182,51.86137093880335,-2.679552756985146,37.2975,-82.193055556
649,3,41.6363636363636,47.14847149775107,-5.51210786138747,36.7965,-83.0017
657,3,89.8181818181818,89.08461875560373,0.7335630625780709,36.692277778,-79.001388889
661,3,68.9090909090909,82.13842153879467,-13.229330629703767,37.8141,-77.7365
666,3,43.8181818181818,56.3072629319172,-12.489081113735402,38.2646,-78.1808
668,3,80.5454545454545,72.92987485591802,7.615579689536489,37.7831,-77.8148
670,3,24.1818181818182,50.54913249754176,-26.36731431572356,38.843169444,-77.079888889
682,3,38.5454545454545,36.003401195744054,2.542053349710443,37.0651,-81.0006
688,3,33.1818181818182,23.341665487833964,9.840152693984237,38.487088889,-78.4067
693,3,49.7272727272727,66.22561469042965,-16.498341963156953,37.366806,-78.654028
696,3,83.6363636363636,87.53613777164337,-3.8997741352797703,36.799888889,-78.638277778
704,3,45.8181818181818,84.55333424701992,-38.73515242883812,37.213333333,-77.085972222
715,3,18.1818181818182,29.078718058578477,-10.896899876760276,38.447802778,-78.565563889
716,3,74.9090909090909,64.53125261477555,10.377838294315353,38.393269444,-78.254169444
718,3,76.9090909090909,67.7322890381174,9.176801870973506,39.181858334,-77.624988888
724,3,81.2727272727273,58.134289639302665,23.13843763342463,36.943963889,-81.248855556
727,3,34.1818181818182,46.90674284084423,-12.72492465902603,36.776436111,-83.050569444
746,3,8.54545454545454,13.969068906277045,-5.423614360822505,37.343153,-80.619544
750,3,38.8181818181818,39.741510608062576,-0.9233287898807774,37.173203,-80.134944
753,3,16.5454545454545,18.949815879147923,-2.404361333693423,38.3005,-79.7808
754,3,18.0,23.055178480163924,-5.055178480163924,38.2995,-79.7727
757,3,19.0909090909091,23.576902846544854,-4.485993755635754,38.244194445,-79.334805555
761,3,40.3636363636364,43.84301354313788,-3.4793771795014763,38.22129,-79.13571
765,3,64.3636363636364,64.60989195609024,-0.246255592453835,37.468167,-78.499778
772,3,82.3636363636364,78.27448400919839,4.0891523544380135,36.731809494,-78.32326896
774,3,94.0909090909091,84.36293015717175,9.727978933737347,36.781527777,-79.834547222
777,3,69.8181818181818,49.746494148185164,20.071687669996635,37.261638889,-79.881111111
784,3,64.2727272727273,83.94530568685933,-19.672578414132033,36.848389,-78.430167
785,3,64.0,77.69580736327069,-13.695807363270688,37.146917,-78.462639
786,3,90.0,84.12124558104749,5.878754418952511,36.975056,-79.001083
801,3,37.4545454545455,26.697286920109537,10.757258534435966,36.654908,-81.722903
803,3,25.0909090909091,39.08614549540525,-13.995236404496147,38.185083,-78.683306
808,3,78.0,88.0019940765851,-10.001994076585106,36.564028,-77.530611
809,3,58.1818181818182,61.931153805917575,-3.7493356240993734,38.602961,-77.368728
810,3,58.3636363636364,73.77706732412467,-15.41343096048827,37.491086,-77.575692
817,3,81.6363636363636,74.47182218640505,7.1645414499585485,38.2027,-78.3636
820,3,75.1818181818182,58.74314508339821,16.43867309841999,38.201666666,-78.450277778
821,3,53.0,60.05124724521125,-7.0512472452112505,38.182853,-78.439056
837,3,52.0,46.862354309795066,5.137645690204934,37.102008,-81.042878
846,3,52.8181818181818,65.307445965861,-12.489264147679208,38.183069444,-78.4402
847,3,90.7272727272727,81.30373244873066,9.423540278542049,37.364417,-77.999361
850,3,32.4545454545455,42.87754242023303,-10.422996965687524,37.2775,-82.096666667
852,3,46.9090909090909,49.05115846536949,-2.1420675562785902,38.805222222,-77.435833333
853,3,28.9090909090909,47.221580668867645,-18.312489759776746,38.51285,-77.936531
855,3,37.2727272727273,52.05044309892127,-14.777715826193969,38.6375,-77.5055
858,3,56.7272727272727,62.82180443402029,-6.094531706747588,37.297658,-79.013206
864,3,24.5454545454545,12.876759814820366,11.668694730634135,38.322669445,-79.346430555
865,3,22.5454545454545,25.38189853889085,-2.836443993436351,38.702963889,-78.268669444
879,3,53.8181818181818,59.660224955246846,-5.842043137065048,38.105088889,-78.435161111
882,3,71.8181818181818,74.88698040581737,-3.0687985876355697,37.46836,-79.262711
884,3,81.4545454545455,85.42337939130374,-3.9688339367582444,36.799888889,-78.638277778
893,3,76.3636363636364,65.33264388354203,11.030992480094369,38.190408,-77.652481
894,3,84.7272727272727,86.03482620454929,-1.3075534772765849,37.056,-80.299389
896,3,87.8181818181818,83.15102448150273,4.667157336679068,37.102569,-77.494128
902,3,46.1818181818182,48.90008412526485,-2.718265943446646,37.247439,-81.964139
906,3,89.6363636363636,74.04229163966875,15.59407199669485,36.987295,-78.081807
913,3,65.0909090909091,64.43058493543738,0.660324155471713,36.849975,-79.675967
918,3,87.9090909090909,82.19961937581992,5.709471533270985,36.781527777,-79.834547222
922,3,52.037037037037,53.287645173941954,-1.250608136904951,36.8436,-80.1617
924,3,21.9090909090909,22.689743583475842,-0.7806526743849425,37.5392,-79.448211111
931,3,82.5454545454545,83.56408890773956,-1.0186343622850558,37.249694444,-77.31675
933,3,68.1818181818182,70.6047672640059,-2.4229490821876993,37.420944444,-77.624444445
938,3,57.4545454545455,75.53171108884553,-18.077165634300023,37.603055556,-77.459722223
940,3,47.4545454545455,65.33236150898932,-17.87781605444382,37.1125,-78.430555556
944,3,65.6363636363636,77.04429433497617,-11.407930698612574,37.634527778,-77.604694444
958,3,66.3636363636364,55.311567582620235,11.052068781016168,38.134528,-78.541
965,3,42.5454545454545,44.04683735167121,-1.5013828062167107,36.65,-80.694722
969,3,41.8181818181818,42.99549712519599,-1.1773153070141902,37.103889,-81.726944
971,3,52.1818181818182,50.01288945902788,2.1689287227903193,36.991944,-81.033889
976,3,47.3636363636364,42.40609579269951,4.957540570936892,37.3093,-80.466569
992,3,39.4545454545455,27.7217851060825,11.732760348463003,38.421806,-79.268389
996,3,31.0909090909091,42.23363410453831,-11.14272501362921,37.88495,-79.158911111
999,3,47.8181818181818,63.0394994672283,-15.221317649046505,37.418055555,-79.186111111
1000,3,68.5454545454545,49.645334113090314,18.90012043236419,37.261638889,-79.881111111
1007,3,47.0,52.55882159254038,-5.558821592540383,38.132778,-79.093833
1011,3,56.0,62.507903832171884,-6.507903832171884,37.96625,-78.420583
1014,3,62.9090909090909,47.361064538472235,15.548026370618665,37.634166666,-78.902777778
1037,3,89.0909090909091,73.4364256153534,15.654483475555693,36.584011,-79.6219
1045,3,87.0909090909091,77.06621321612518,10.024695874783916,37.639558,-77.846458
1046,3,46.9090909090909,71.46593583744985,-24.55684492835895,37.2336,-78.8672
1049,3,54.9090909090909,60.07671345405821,-5.167622544967308,37.386388889,-79.211111111
1060,3,65.2727272727273,30.95662800729445,34.31609926543284,37.744525,-79.790014
1063,3,27.1818181818182,37.84127888378801,-10.659460701969806,37.277781,-80.108792
1064,3,50.5454545454545,56.19795306874892,-5.652498523294426,36.882536,-80.329303
1069,3,84.1818181818182,72.59487089135516,11.586947290463044,37.390277778,-79.2825
1074,3,20.9090909090909,41.7100781652278,-20.8009872561369,36.917253,-82.443939
1077,3,56.0,39.419277795906616,16.580722204093384,36.863694,-80.859611
1078,3,36.9090909090909,46.366274541300854,-9.457183632209954,38.750517,-77.578133
1080,3,40.0,51.272479059007246,-11.272479059007246,37.209389,-82.2635
1096,3,45.9090909090909,52.694781175068684,-6.7856902659777845,39.046666667,-77.432777777
1097,3,42.3636363636364,46.39978614921419,-4.036149785577784,37.04204,-80.74127
1098,3,39.2727272727273,30.363022998446255,8.909704274281047,38.496666667,-78.3525
1105,3,69.4545454545455,74.40927245093728,-4.954726996391784,36.951044,-77.663411
1115,3,89.0909090909091,78.59126477653014,10.499644314378955,37.75345,-77.720931
8,4,58.8679245283019,59.637887900305266,-0.7699633720033674,39.2577,-77.5685
16,4,78.0,73.23073575892442,4.769264241075575,38.938688889,-77.866919444
17,4,69.2727272727273,68.41903220539739,0.8536950673299089,38.846467,-77.174789
19,4,29.2727272727273,61.402330898117384,-32.12960362539009,38.812777778,-77.654722222
26,4,44.1818181818182,62.83061441076226,-18.648796228944057,39.159138889,-77.698694445
32,4,100.0,89.42172737894667,10.57827262105333,38.01325,-76.705777778
36,4,0.727272727272727,27.21975723825616,-26.492484510983434,38.291405556,-78.699413889
37,4,49.0,55.899339900792185,-6.899339900792185,38.418611111,-78.889444444
38,4,27.5454545454545,22.312277276612626,5.2331772688418745,38.442177778,-79.101916667
45,4,38.6363636363636,67.4262830790444,-28.789919442680798,38.612222222,-78.800833334
46,4,80.3636363636364,67.55062806085783,12.81300830277857,38.633888889,-78.748611111
48,4,83.3636363636364,68.70202347326358,14.661612890372822,38.329122222,-78.814541666
50,4,28.7272727272727,19.925493691500666,8.801779035772036,38.332383333,-79.237513889
53,4,69.7272727272727,62.54309646063633,7.184176266636378,39.186944444,-78.084722222
57,4,51.5454545454545,57.2201843001903,-5.6747297547358,38.163763889,-78.859944444
102,4,23.6363636363636,19.82417110022375,3.8121925361398503,38.177135,-79.375906
103,4,10.3636363636364,18.932397675436945,-8.568761311800545,38.177135,-79.375906
105,4,24.2727272727273,20.152060250011576,4.120667022715722,38.177135,-79.375906
111,4,100.0,78.5471632465277,21.452836753472297,37.391416667,-78.047638889
115,4,7.45454545454545,24.611814033993635,-17.157268579448186,37.924175,-80.037441666
119,4,51.4545454545455,68.0498215921883,-16.59527613764279,37.689466667,-78.345294444
122,4,90.4545454545455,77.5635918085588,12.890953645986698,37.416666667,-79.225833333
123,4,75.3636363636364,79.38500383952528,-4.02136747588888,37.390277778,-79.2825
124,4,25.2727272727273,31.025182635507075,-5.752455362779777,38.045719,-79.877608
127,4,78.5454545454545,73.60065610248809,4.944798442966416,37.577716666,-77.833575
142,4,57.6363636363636,59.680058715296866,-2.0436950789332684,37.757861111,-78.249444444
143,4,63.4545454545455,60.21588288107353,3.23866257347197,37.757861111,-78.249444444
146,4,72.5454545454545,65.51988355239153,7.025570993062971,37.420944444,-77.624444445
147,4,42.5454545454545,53.39920874033749,-10.853754194882995,37.344722222,-79.142222222
149,4,30.7272727272727,18.160519968400248,12.566752758872454,37.780119444,-79.963586111
150,4,98.9090909090909,91.6829249729182,7.2261659361727055,37.447527778,-77.157694444
151,4,13.0909090909091,28.163465658246803,-15.072556567337703,37.591013889,-80.228830556
152,4,75.6363636363636,81.09717045947771,-5.460806823114112,38.17,-78.355
154,4,48.2727272727273,31.7779870941091,16.4947401786182,37.781847222,-79.163475
157,4,54.0,51.041562810411655,2.958437189588345,37.509431,-79.38294
160,4,8.20754716981132,16.619103826337472,-8.411556656526152,37.70515,-79.892594444
162,4,69.0909090909091,57.77622033647064,11.314688754438457,37.21725,-77.444166666
171,4,80.5454545454545,65.25764646448175,15.287808080972752,38.2883,-78.4369
175,4,62.9090909090909,75.19805978331463,-12.288968874223734,37.708055556,-78.368888888
180,4,21.1818181818182,22.829046524049325,-1.6472283422311236,37.713630555,-79.893655556
183,4,60.7272727272727,60.27556090259518,0.4517118246775169,37.932425,-78.814638889
186,4,48.9090909090909,47.25619149833474,1.6528994107561559,37.634166666,-78.902777778
190,4,59.9090909090909,47.750094337273914,12.158996571816985,38.150286111,-78.5873
191,4,89.2727272727273,94.11210217122886,-4.8393748985015606,37.172088,-78.009337
194,4,48.4545454545455,61.2162501982567,-12.7617047437112,37.408888889,-79.098055556
195,4,70.5454545454545,59.25315236273679,11.292302182717712,37.408888889,-79.098055556
197,4,67.9090909090909,63.36729950356408,4.54179140552683,37.457544444,-79.845752778
202,4,91.5454545454545,76.70854244737812,14.836912098076382,37.689333333,-77.548861111
207,4,90.7272727272727,72.45401032290674,18.273262404365965,38.709472222,-77.909638889
225,4,76.3636363636364,77.69318569519028,-1.3295493315538778,38.219919444,-77.41335
226,4,36.1818181818182,30.76381066639031,5.418007515427892,38.390588889,-78.465905556
229,4,86.9090909090909,80.90504371793358,6.004047191157326,36.748188889,-79.216663889
245,4,68.0,73.40315462865301,-5.403154628653013,37.289411111,-79.273038888
253,4,66.5454545454545,71.62514988401057,-5.079695338556064,36.925833333,-79.750555555
255,4,56.1818181818182,68.04345571048758,-11.861637528669377,36.859,-79.8873
262,4,70.0,57.86357946857249,12.136420531427511,37.293888889,-79.209722223
263,4,78.0555555555556,78.17404508592082,-0.11848953036522403,37.220427778,-78.985177777
268,4,87.2727272727273,63.87311386816195,23.399613404565343,36.5575,-79.709777778
279,4,62.6363636363636,55.04217912692402,7.594184509439579,37.242097,-80.009934
283,4,4.54545454545455,45.72416938320826,-41.178714837753716,37.255275,-79.950583333
287,4,40.9090909090909,61.031741215843844,-20.122650306752945,36.9697,-79.9136
293,4,48.5454545454545,48.523671259959926,0.021783285494571203,37.271780555,-80.018519445
297,4,84.1818181818182,80.78516992166436,3.396648260153839,36.556444445,-79.416361111
301,4,73.8181818181818,75.83039815830287,-2.0122163401210713,36.617222222,-79.426111111
303,4,83.0,77.17458249629333,5.825417503706674,36.763344444,-79.301361111
304,4,52.7272727272727,58.667300461583224,-5.940027734310526,36.545066667,-80.025841666
313,4,78.5454545454545,59.21394818838909,19.331506357065415,37.412411111,-79.931608334
320,4,97.8181818181818,91.16153103642147,6.656650781760334,36.769433333,-78.884522222
322,4,40.0,52.84620386481871,-12.846203864818712,37.09812,-80.38733
325,4,60.5454545454545,70.80951921178053,-10.264064666326028,36.833341667,-79.638716667
341,4,89.0,77.54233257330395,11.457667426696048,37.154052778,-78.861388889
345,4,56.9090909090909,56.749823888389955,0.15926702070094478,36.644444444,-80.647222222
348,4,94.1346153846154,84.67847945426217,9.456135930353227,36.555277778,-77.563888889
349,4,94.9090909090909,89.41264643677773,5.496444472313172,36.928388889,-78.132388889
353,4,75.8181818181818,63.17332218572733,12.64485963245447,36.929902778,-78.357877778
364,4,78.3636363636364,83.86181049789484,-5.498174134258434,36.726,-77.691055555
369,4,100.0,83.28297004594566,16.71702995405434,36.648,-77.0959
372,4,51.4545454545455,66.05456498182704,-14.600019527281539,37.038694445,-78.200666666
374,4,82.7272727272727,70.4754237970097,12.251848930263009,37.087222222,-82.486111111
399,4,52.0909090909091,54.992324190101805,-2.901415099192704,37.027222222,-81.778611111
400,4,25.0909090909091,45.75034284399992,-20.659433753090816,37.026111111,-81.753888889
403,4,47.6363636363636,53.73177200869265,-6.095408372329054,36.785277778,-82.323055556
407,4,98.1818181818182,62.799078851399486,35.382739330418715,36.6475,-83.224166666
414,4,46.9090909090909,48.16263243468656,-1.253541525595658,36.659166667,-82.541111111
419,4,46.4705882352941,35.78480255485251,10.68578568044159,36.6425,-81.805
421,4,60.0909090909091,56.96612686887489,3.124782222034213,36.769166667,-81.731666666
437,4,78.5454545454545,89.92240471533523,-11.376950169880729,37.571388889,-77.095583334
438,4,87.9090909090909,80.79148023237845,7.117610676712459,37.558361111,-77.129361111
443,4,81.1818181818182,72.17935680917036,9.002461372647844,37.7305,-77.250861111
452,4,60.5454545454545,55.7050560599945,4.84039848546,38.2339,-77.9388
463,4,79.6363636363636,60.20831795350432,19.428045682859278,37.13395,-80.754558333
469,4,26.3636363636364,27.322794584793296,-0.9591582211568976,36.772222222,-81.177222222
470,4,67.9090909090909,60.916510340769996,6.992580568320911,36.716944444,-81.270694445
476,4,35.9090909090909,35.22900884669635,0.6800820623945469,36.772916667,-81.251111111
480,4,58.3636363636364,45.37241485637262,12.99122150726378,37.049322222,-80.544055556
488,4,62.9090909090909,59.20540729414111,3.7036836149497887,36.688888889,-80.531388889
489,4,18.5454545454545,26.96265114747303,-8.417196602018528,36.984722222,-81.1875
503,4,89.8181818181818,68.25337731931147,21.56480449887033,36.95,-81.062777778
511,4,73.9090909090909,68.45494288657149,5.454148022519419,37.192,-79.2515
515,4,49.4545454545455,64.51313087449594,-15.05858541995044,37.5925,-78.480833333
517,4,91.6363636363636,80.40319627771869,11.233167358644906,36.835611111,-77.5985
537,4,59.2727272727273,46.82597449642884,12.44675277629846,37.159166666,-82.166111112
550,4,64.7272727272727,55.36280471498325,9.364468012289457,38.141666666,-79.218611111
569,4,29.8181818181818,32.829795154155484,-3.011613335973685,37.779416667,-79.456055556
571,4,48.6363636363636,50.48109940682158,-1.84473577045798,38.065388,-78.906994
579,4,52.5454545454545,49.12235525897197,3.4230992864825254,38.6375,-77.5055
586,4,27.3636363636364,33.09384047948664,-5.730204115850238,37.1527,-80.176
603,4,92.0,74.21113079402637,17.788869205973626,36.707416666,-77.833944445
606,4,46.1818181818182,48.75886388063359,-2.5770456988153896,36.6656,-83.2583
608,4,64.3636363636364,62.79195613480627,1.5716802288301324,36.647,-82.0047
609,4,49.4545454545455,45.23584941789573,4.218696036649774,37.3507,-82.2091
610,4,54.0,43.50870447205273,10.491295527947273,37.115,-82.441111111
623,4,61.0909090909091,58.62631029440127,2.464598796507829,37.87475,-78.331261111
625,4,46.1818181818182,63.339707024383166,-17.157888842564965,37.852894445,-78.270958334
635,4,40.3636363636364,43.25972060363114,-2.8960842399947353,39.317845,-78.218337
638,4,26.9090909090909,44.43511461059389,-17.526023701502993,38.151111111,-79.060833334
640,4,43.8181818181818,38.11294175928672,5.705240058895079,39.044663889,-78.447391667
651,4,79.2727272727273,51.44056313228486,27.832164140442437,36.6036,-82.7589
653,4,62.7272727272727,64.61324573766557,-1.885973010392867,37.126666666,-79.270833333
655,4,94.7272727272727,90.61202596584587,4.115246761426832,36.795777778,-78.147
656,4,58.7272727272727,72.00305681518306,-13.27578408791036,36.866194444,-79.498583334
658,4,70.4545454545455,77.97774208486929,-7.523196630323795,37.496194444,-79.1515
659,4,59.6363636363636,61.35422843438333,-1.7178647980197326,36.929902778,-78.357877778
662,4,63.0909090909091,54.66242213432357,8.42848695658553,38.1402,-78.0617
664,4,21.4545454545455,51.90868870637251,-30.45414325182701,38.708,-77.5571
669,4,80.1818181818182,72.97841007731311,7.203408104505087,38.203261111,-77.6398
672,4,54.7272727272727,71.23948544306919,-16.512212715796487,37.258388889,-77.395611111
680,4,86.7272727272727,84.9118012533636,1.8154714739090991,36.781527777,-79.834547222
684,4,61.0909090909091,58.314452682039125,2.7764564088699757,37.0986,-80.0511
685,4,19.2727272727273,29.5317890358088,-10.259061763081501,37.3578,-79.9483
687,4,40.9090909090909,25.709641219295328,15.199449689795571,36.805527778,-80.334827778
697,4,91.2727272727273,81.0211042524993,10.251623020227996,36.625527777,-79.144388889
705,4,96.3636363636364,81.27746406650954,15.086172297126865,37.1135,-77.072
710,4,38.9090909090909,35.7407138819814,3.1683770271095,37.937027778,-78.971413889
722,4,65.8181818181818,72.94705491245995,-7.128873094278148,38.944288889,-77.797769444
734,4,11.0,34.26661734962962,-23.26661734962962,36.861419,-82.447089
743,4,30.0,37.73757288464397,-7.737572884643967,37.435888889,-80.017841667
749,4,9.27272727272727,42.748577271362834,-33.47584999863557,37.191281,-80.144219
751,4,69.3636363636364,55.28216988941058,14.08146647422582,37.164747,-80.1412
759,4,30.3636363636364,26.365675368364027,3.997960995272372,38.285389,-79.237419
770,4,39.2727272727273,44.32592700211578,-5.053199729388481,38.882375,-77.469947223
773,4,81.8181818181818,74.10464604092394,7.71353577725786,38.203261111,-77.6398
778,4,100.0,89.99645779303498,10.003542206965022,36.783253,-76.892731
788,4,78.8888888888889,58.48970557205038,20.399183316838517,37.416333,-79.009361
800,4,56.7272727272727,50.534145015697376,6.193127711575322,37.914189,-78.033072
802,4,77.4545454545455,67.48365530523556,9.970890149309938,37.774733,-77.739553
813,4,49.4545454545455,49.383938972852675,0.07060648169282757,38.949366667,-78.389147222
819,4,52.6363636363636,53.670738024519075,-1.0343743881554772,38.293867,-78.451719
827,4,68.9090909090909,69.70500647546172,-0.7959155663708088,36.970403,-79.597156
833,4,16.3636363636364,26.10084862537632,-9.73721226173992,36.968189,-80.646447
834,4,37.3636363636364,50.36562389888637,-13.001987535249967,37.491769,-78.7566
835,4,63.4545454545455,65.35622397240107,-1.901678517855565,38.395111,-77.954694
836,4,55.0909090909091,46.01928099779568,9.071628093113418,37.310958,-82.288858
839,4,84.3636363636364,58.98894980234704,25.374686561289366,37.093055556,-79.835555555
841,4,65.3636363636364,74.10349493343227,-8.73985856979587,36.947969444,-79.447363889
844,4,14.1818181818182,25.47908408140644,-11.297265899588242,37.373916667,-80.5735
848,4,99.4545454545455,66.53392497461357,32.92062047993193,36.89609,-82.484658
859,4,33.2727272727273,30.73052526710872,2.542202005618581,37.890589,-78.91545
861,4,67.3636363636364,59.56639585704121,7.797240506595195,37.392758,-79.055133
866,4,16.3888888888889,27.838713631541353,-11.449824742652453,38.487088889,-78.4067
868,4,72.6363636363636,70.7034523749866,1.9329112613770008,37.811383333,-78.7299
877,4,44.8181818181818,56.01352301279756,-11.195341194615764,38.108972,-78.649056
880,4,80.5454545454545,62.32842956962432,18.217024975830185,38.031111111,-78.659166667
883,4,58.9090909090909,70.15214349964764,-11.243052590556736,36.727947,-78.4504
885,4,55.8181818181818,72.28390542049978,-16.46572360231798,36.937256,-79.316678
888,4,86.0,77.32817467714693,8.671825322853067,38.9294,-77.8737
900,4,71.4545454545455,67.10305743904343,4.3514880155020705,36.70955,-81.90765
903,4,39.8181818181818,45.04222008647951,-5.224038268297711,36.908055556,-82.299722222
907,4,47.6363636363636,51.32316209273682,-3.686798456373225,37.416111111,-78.636138889
908,4,93.8181818181818,83.25462208675172,10.563559731430075,37.011944445,-78.070277778
909,4,38.1818181818182,44.02628775926154,-5.844469577443341,38.916391666,-77.472136112
911,4,25.462962962963,42.65979991654357,-17.19683695358057,36.973939,-80.517014
915,4,53.1818181818182,54.02779323394358,-0.8459750521253753,37.355543,-79.929561
916,4,75.6363636363636,61.089085385143186,14.547278251220412,37.296306,-79.445258
919,4,47.3636363636364,55.280500354236864,-7.916863990600461,37.509431,-79.38294
920,4,31.3636363636364,38.00071949163958,-6.63708312800318,36.642614,-80.233572
921,4,49.6363636363636,58.05957573846589,-8.42321210210229,36.921294,-79.907383
925,4,68.8181818181818,43.53769509759298,25.28048672058882,37.908611111,-79.236138889
928,4,78.2352941176471,82.86754710586071,-4.632252988213608,37.367777778,-77.517805556
934,4,65.8181818181818,53.471649379913565,12.346532438268234,37.21725,-77.444166666
948,4,80.4,61.574989582841745,18.82501041715826,38.141119,-78.022488
949,4,51.0,58.784758045970996,-7.784758045970996,38.803275,-77.830572
951,4,37.6363636363636,39.39416230213314,-1.757798665769542,38.008461,-78.854803
959,4,41.4545454545455,45.31141949915504,-3.8568740446095404,37.075275,-79.466786
962,4,53.6363636363636,39.364743814040416,14.271619822323181,36.7182,-80.4272
966,4,40.5454545454545,47.53961643142127,-6.994161885966776,37.122778,-82.385556
973,4,96.0,95.01393171149039,0.9860682885096139,37.256666667,-81.459166667
979,4,37.4074074074074,29.75202331193259,7.655384095474808,37.205469,-80.9651
980,4,83.6363636363636,59.579223576459874,24.057140059903723,38.490531,-77.520753
981,4,63.9090909090909,57.454521793232594,6.454569115858305,38.475842,-77.636514
982,4,30.7272727272727,49.857562108946844,-19.130289381674142,37.090556,-81.091111
997,4,26.5454545454545,34.61785055868264,-8.07239601322814,37.900167,-79.208306
1002,4,63.2727272727273,52.89887876629061,10.373848506436694,37.275156,-79.907336
1005,4,60.1818181818182,64.7455640275272,-4.563745845708993,37.750555555,-78.977777778
1008,4,65.0909090909091,54.94900150748142,10.141907583427674,38.555222,-78.746306
1009,4,17.7,23.94322954773499,-6.243229547734991,38.177135,-79.375906
1012,4,35.6363636363636,35.87274320476981,-0.236379568406214,37.88495,-79.158911111
1013,4,12.3636363636364,27.695083808798806,-15.331447445162405,38.322669445,-79.346430555
1018,4,25.8181818181818,24.13133693789788,1.6868448802839175,36.805527778,-80.334827778
1019,4,18.3636363636364,30.81204763116597,-12.448411267529572,37.373916667,-80.5735
1020,4,57.8181818181818,48.05069250166073,9.767489316521072,37.357931,-80.139536
1023,4,42.4545454545455,55.032691167570306,-12.578145713024803,38.835925,-77.614381
1029,4,23.3636363636364,28.32077008864424,-4.957133725007843,38.487088889,-78.4067
1031,4,84.3636363636364,88.18375251893816,-3.8201161553017613,37.344166667,-78.490833333
1032,4,55.8181818181818,44.931834719390224,10.886347098791575,37.159166666,-82.166111112
1039,4,53.4545454545455,46.59692957220023,6.8576158823452715,36.5807,-80.301642
1048,4,76.0,85.57313019343644,-9.573130193436441,36.799888889,-78.638277778
1051,4,91.6363636363636,74.90410647402963,16.732257162333966,37.419444444,-79.146111111
1052,4,41.6363636363636,43.9232013048003,-2.2868376684367036,36.675833,-82.624167
1053,4,64.1818181818182,39.67412957703231,24.50768860478589,36.808333,-82.868056
1057,4,65.7272727272727,62.61586451335647,3.111408213916235,36.682778,-80.528333
1067,4,74.7272727272727,57.28790493653509,17.439367790737613,36.907522,-79.611103
1070,4,95.7272727272727,76.19328874057011,19.533983986702594,37.416666667,-79.225833333
1072,4,53.1481481481481,40.00218772837118,13.14596041977692,37.494,-79.920708
1073,4,36.7272727272727,42.807083163366826,-6.079810436094128,37.462569,-79.467819
1087,4,50.4545454545455,48.29231624721606,2.162229207329446,36.8436,-80.1617
1093,4,48.7272727272727,46.44360784640939,2.2836648808633058,38.959444444,-77.544166666
1094,4,66.1818181818182,57.8202068091728,8.361611372645399,37.067748,-79.926748
1099,4,52.1818181818182,48.377939086836435,3.8038790949817667,37.117222,-82.598347
1100,4,51.9090909090909,64.76653753045545,-12.857446621364552,37.418055555,-79.186111111
1101,4,45.0909090909091,47.461950221118876,-2.3710411302097754,37.135,-80.39
1102,4,22.9090909090909,50.80043580315859,-27.891344894067693,38.686380555,-78.451722222
1108,4,96.7272727272727,85.73418431693452,10.993088410338189,37.617694,-78.231656
1,5,51.6363636363636,49.4185038175437,2.217859818819896,38.7205,-77.190722222
4,5,65.4545454545455,71.49680434000604,-6.042258885460541,38.490361111,-77.466388889
13,5,54.1818181818182,66.71095738849422,-12.529139206676021,38.975833333,-77.246111111
14,5,63.8181818181818,79.11294980230235,-15.294767984120554,39.0299,-77.666
20,5,87.0,73.02673176111993,13.973268238880067,39.044569444,-77.659836111
21,5,59.2727272727273,61.22357517231518,-1.9508478995878775,39.210347222,-78.064577778
27,5,27.2727272727273,62.14406910721231,-34.87134183448501,39.146388889,-77.732222222
34,5,100.0,74.13822605262084,25.861773947379163,39.153628,-77.737419
35,5,55.4545454545455,56.668272083253214,-1.213726628707711,38.6375,-77.5055
40,5,44.1818181818182,28.127021317886157,16.054796863932044,39.021725,-78.459791667
52,5,67.6363636363636,51.35028650462723,16.28607713173637,38.345833333,-78.925833333
64,5,11.9090909090909,25.98040874532162,-14.071317836230719,37.716752778,-79.773613889
80,5,81.4545454545455,67.959943074733,13.494602379812491,37.620091667,-78.628825
85,5,51.5454545454545,53.190270850706945,-1.6448163052524478,37.543861111,-79.836902777
87,5,74.0,71.63037552260289,2.3696244773971102,37.676361111,-77.440972222
91,5,42.3636363636364,37.64228001747716,4.72135634615924,37.781711111,-79.583061111
95,5,28.7272727272727,19.47263953019878,9.254633197073922,37.727991667,-80.105197222
98,5,91.8181818181818,91.04232816064756,0.7758536575342418,37.358972222,-77.857138889
112,5,54.7272727272727,72.0104408893493,-17.2831681620766,37.369355,-78.645578
121,5,71.530612244898,62.07161986247986,9.458992382418138,37.418055555,-79.186111111
129,5,42.9090909090909,47.65748025699595,-4.748389347905054,37.88495,-79.158911111
130,5,49.2727272727273,47.78111310263708,1.491614170090223,37.88495,-79.158911111
134,5,32.3636363636364,64.37956323556647,-32.01592687193006,37.84505,-78.229583333
159,5,41.6363636363636,50.81280735642644,-9.176443720062842,37.509431,-79.38294
161,5,11.6363636363636,11.582988370998786,0.05337526536481363,37.70515,-79.892594444
166,5,76.8181818181818,54.418700856488144,22.399480961693655,37.816138889,-78.07875
170,5,68.6363636363636,57.55855305174248,11.077810584621119,38.004583333,-78.399166667
187,5,47.8181818181818,46.371773863686336,1.4464079544954629,37.634166666,-78.902777778
189,5,32.5454545454545,33.525002423619476,-0.9795478781649791,37.799788889,-79.006541667
200,5,85.8181818181818,83.41451703842105,2.4036647797607458,37.707777,-77.98889
201,5,90.3636363636364,79.73882427941031,10.624812084226093,37.707777,-77.98889
205,5,73.5849056603774,77.3034300849863,-3.7185244246089013,38.806888889,-78.004080555
206,5,74.0196078431373,76.70192897063738,-2.6823211275000887,38.806888889,-78.004080555
216,5,56.9090909090909,71.03781237445129,-14.128721465360393,38.348611111,-78.108611111
217,5,76.3636363636364,75.07726594900423,1.2863704146321737,38.535833334,-77.828055556
219,5,76.1818181818182,63.23302044234792,12.94879773947028,38.395111,-77.954694
224,5,83.0909090909091,74.89578056870083,8.195128522208265,38.219919444,-77.41335
230,5,76.7272727272727,90.90902467614025,-14.181751948867543,36.781527777,-79.834547222
232,5,86.5454545454545,81.55859805839766,4.986856487056841,36.781527777,-79.834547222
233,5,59.2727272727273,53.37128372095547,5.901443551771834,37.049861111,-79.947227778
240,5,100.0,82.78664373118912,17.213356268810884,36.557966667,-78.926922223
241,5,100.0,86.85292568225798,13.147074317742025,36.785,-78.584166666
242,5,78.5454545454545,70.68617447820165,7.859280067252854,37.2575,-79.037777778
246,5,100.0,83.67972942619137,16.320270573808628,37.019166666,-78.628055555
252,5,67.2727272727273,87.6320066884113,-20.359279415684,36.588611111,-78.910277778
258,5,83.3636363636364,83.71024297708323,-0.34660661344682353,36.608972222,-79.161447222
267,5,31.6363636363636,35.20568728295774,-3.569323646594139,37.3081,-80.0485
269,5,37.1818181818182,51.014268266020544,-13.832450084202343,36.682641667,-80.369988889
276,5,83.5454545454545,74.82395933650776,8.721495208946749,36.757969444,-79.778602778
282,5,53.5454545454545,50.113477916341495,3.4319766291130023,37.264558334,-80.358658333
288,5,61.2727272727273,65.65020237819962,-4.377475105472321,36.9769,-80.048577777
295,5,51.1818181818182,56.14229975864558,-4.960481576827377,37.172813889,-80.236097222
315,5,78.0909090909091,85.48714200787465,-7.396232916965559,36.676994445,-79.645908333
317,5,57.3636363636364,66.76777463792442,-9.404138274288016,36.590833333,-79.215555556
330,5,66.7272727272727,63.99492052078784,2.7323522064848618,37.3454,-79.4763
337,5,67.6363636363636,62.77393766009509,4.862425976268504,37.112085,-79.604624
339,5,67.6363636363636,68.05551089229277,-0.41914725592917534,36.788677778,-79.100541667
343,5,91.6363636363636,74.15483616670909,17.48152746965451,37.075,-78.527277778
347,5,100.0,66.15172111380544,33.848278886194564,36.84245,-78.497383334
358,5,92.9090909090909,77.26882087052135,15.640270038569554,37.142,-78.149194445
373,5,54.5454545454545,46.01701470685421,8.528439838600285,37.2975,-82.193055556
376,5,39.8181818181818,50.06932637555644,-10.251144557374644,37.159166666,-82.166111112
378,5,46.3636363636364,47.605380190326386,-1.2417438266899836,37.159166666,-82.166111112
379,5,64.6363636363636,58.1146069503258,6.521756686037797,37.093333334,-82.232777777
384,5,37.2727272727273,44.0843941253697,-6.8116668526423965,37.173888889,-82.351388889
385,5,63.2727272727273,59.69874952351463,3.5739777492126734,37.162222222,-82.360555556
386,5,47.0,45.71946916634351,1.280530833656492,37.173055556,-82.196111111
387,5,81.7272727272727,65.36389476595757,16.363377961315138,37.118611111,-82.596944444
391,5,39.0909090909091,48.74808448236341,-9.65717539145431,37.291388889,-82.063333334
392,5,64.5454545454545,39.14471008885803,25.400744456596478,37.090277778,-82.172222222
397,5,43.4545454545455,52.13396231759366,-8.679416863048154,36.8975,-82.078888889
401,5,35.2727272727273,49.40198035456931,-14.129253081842009,37.022777778,-81.739444445
402,5,60.3636363636364,48.170388652662936,12.193247710973466,37.048333333,-81.9975
406,5,53.4545454545455,71.61490261355894,-18.160357159013437,36.915,-82.7625
410,5,37.5454545454545,40.69540988889972,-3.149955343445221,36.736944445,-82.483333333
415,5,37.9090909090909,54.19247965190294,-16.283388742812043,36.6525,-82.363055555
418,5,32.1818181818182,37.085745820598746,-4.903927638780544,36.649444445,-81.829444445
441,5,48.5454545454545,71.27659419987017,-22.731139654415678,38.006166667,-77.688583333
455,5,74.3636363636364,73.71622567063505,0.6474106930013477,37.742194445,-77.614583333
459,5,100.0,88.51700413222886,11.482995867771137,37.768805555,-76.975388889
460,5,40.7272727272727,76.30207292638285,-35.57480019911015,37.895472222,-77.461055556
461,5,100.0,73.60451626108431,26.395483738915686,37.831808333,-77.131541666
466,5,43.2745098039216,62.04092469627846,-18.766414892356856,36.8325,-81.051111111
471,5,87.2727272727273,71.5188598255268,15.753867447200491,36.710833333,-81.164722223
472,5,64.9090909090909,48.31949348049705,16.589597428593855,36.677222222,-81.234722222
474,5,79.4545454545455,64.67075584617668,14.78378960836882,36.789166667,-80.698055556
484,5,30.1666666666667,26.537034318503093,3.6296323481636072,37.322863889,-80.800547222
492,5,62.7272727272727,47.415275804139085,15.311996923133613,36.95155,-80.368705556
496,5,19.0909090909091,27.69905441732022,-8.608145326411119,37.2093,-80.7374
502,5,41.7592592592593,48.02734091720108,-6.268081657941778,36.751944444,-80.541944445
505,5,43.4545454545455,45.688062029054656,-2.233516574509153,37.144278,-80.430694
508,5,64.5454545454545,65.64615376795334,-1.1006992224988323,36.929902778,-78.357877778
509,5,70.8181818181818,90.6079406535014,-19.789758835319603,36.626777778,-79.293694445
510,5,46.0,68.04205526048287,-22.04205526048287,36.619388889,-79.351777778
520,5,85.4545454545455,78.5282806926998,6.926264761845701,37.707777,-77.98889
524,5,61.4545454545455,64.41904570678746,-2.9645002522419546,38.9752,-77.6395
540,5,67.0909090909091,45.67551035122495,21.415398739684143,37.239166667,-81.801666667
546,5,33.0,39.54793831266919,-6.547938312669189,37.8778,-79.0001
553,5,59.6363636363636,62.6001931546902,-2.9638295183266052,38.711541667,-78.638655555
555,5,64.3636363636364,75.92417300118512,-11.560536637548722,37.239583,-79.449111
556,5,80.2727272727273,77.46357809229359,2.8091491804337068,38.9294,-77.8737
562,5,54.5454545454545,71.41423609640616,-16.86878155095166,39.191944445,-77.675555555
563,5,44.1818181818182,53.5585963473665,-9.376778165548302,39.195694445,-77.724166667
564,5,51.4545454545455,61.8212905594324,-10.366745104886895,38.99875,-77.85925
565,5,44.9090909090909,49.62545490593194,-4.716363996841039,39.024694444,-77.871277777
573,5,12.7272727272727,32.14617891054814,-19.41890618327544,38.6353,-78.8566
574,5,24.3636363636364,40.96660731529142,-16.60297095165502,37.9838,-78.8438
577,5,71.0909090909091,43.92711765935788,27.16379143155121,38.7251,-77.6661
592,5,71.2727272727273,55.71594733944246,15.556779933284837,37.3432,-79.6358
600,5,84.5454545454545,82.08618803505546,2.459266510399047,37.1725,-78.394277778
607,5,69.2727272727273,44.17395070855074,25.098776564176553,36.7521,-81.6495
612,5,78.9090909090909,77.7796382120582,1.1294526970327041,36.651194444,-79.379888889
619,5,40.7272727272727,48.43854346017022,-7.711270732897525,36.613611111,-80.711388889
624,5,65.2727272727273,55.06681714887046,10.205910123856832,37.864638889,-78.342416666
627,5,89.2727272727273,79.90302121606591,9.369706056661386,37.1925,-78.371666667
632,5,72.0,88.7723298832193,-16.7723298832193,36.649722222,-78.870555555
637,5,44.6363636363636,39.65931873191309,4.9770449044505085,37.88495,-79.158911111
639,5,26.8181818181818,28.551849059674232,-1.7336672414924337,37.935505555,-79.565061111
641,5,43.6363636363636,46.85421624058798,-3.217852604224383,39.274952778,-78.234561111
642,5,33.2727272727273,46.66224079805194,-13.389513525324638,39.274952778,-78.234561111
645,5,48.5454545454545,48.75776837799316,-0.21231383253866198,37.159166666,-82.166111112
646,5,68.1818181818182,63.522344520058205,4.659473661759996,37.093333334,-82.232777777
647,5,62.1818181818182,44.636027962782634,17.545790219035567,36.8803,-82.1084
648,5,46.6363636363636,45.48477161799042,1.1515920183731794,36.7278,-81.1359
654,5,78.1818181818182,61.61583322117141,16.565984960646794,37.619694444,-78.898
663,5,66.5454545454545,80.70854866105317,-14.163094115598668,38.7206,-77.9092
671,5,100.0,98.46049712703851,1.5395028729614921,36.6772,-77.2445
676,5,47.7272727272727,28.606771484276805,19.120501242995893,37.463344445,-80.348272222
681,5,91.4545454545455,79.51269647663538,11.941848977910112,36.691480555,-79.9067
683,5,8.54545454545454,37.95068938225121,-29.405234836796673,37.506694444,-79.629
686,5,30.1818181818182,30.235045318796196,-0.05322713697799486,37.3578,-79.9483
690,5,21.0909090909091,28.55590020675676,-7.46499111584766,37.5392,-79.448211111
691,5,25.2727272727273,21.442763640930018,3.8299636317972805,38.322669445,-79.346430555
698,5,65.2727272727273,69.89172853488945,-4.619001262162158,36.5595,-79.679805556
699,5,54.1818181818182,58.839152821283804,-4.657334639465603,36.5595,-79.679805556
702,5,61.4545454545455,59.16417703849619,2.2903684160493114,37.83325,-77.5325
709,5,43.9814814814815,53.39572386598339,-9.41424238450189,37.856791667,-78.820658334
719,5,53.0909090909091,69.75881378409211,-16.66790469318301,39.115169444,-77.729658333
725,5,70.1818181818182,59.97586034998699,10.205957831831213,36.818461111,-80.773494444
729,5,98.0,95.65914605896869,2.3408539410313125,37.256666667,-81.459166667
733,5,60.2727272727273,47.28580850470972,12.986918768017581,37.1175,-82.183888889
735,5,63.4545454545455,39.062315754481624,24.39222970006388,37.2601764,-81.28267087
738,5,41.7272727272727,33.55557415406493,8.17169857320777,37.3316,-79.9512
742,5,66.9090909090909,63.93404753165037,2.975043377440535,37.222261111,-79.580436111
744,5,46.0,40.55488188996373,5.445118110036269,37.310989,-80.516936
747,5,5.09090909090909,15.29543034896748,-10.20452125805839,37.339561,-80.62455
748,5,26.9090909090909,40.07443604272671,-13.16534513363581,37.187089,-80.151908
763,5,45.7272727272727,57.006201526568134,-11.278928799295436,36.739525,-82.315589
766,5,43.9090909090909,27.63247760765439,16.27661330143651,37.696389,-79.281889
768,5,76.4545454545455,88.66595893448799,-12.211413479942493,36.701666667,-78.886388889
769,5,52.2727272727273,39.71676185084403,12.555965421883272,38.833055555,-77.463611111
775,5,64.3636363636364,53.91949301291873,10.444143350717674,37.509431,-79.38294
776,5,22.4545454545455,27.47716070986674,-5.0226152553212415,37.463344445,-80.348272222
779,5,19.5454545454545,29.057479526480666,-9.512024981026165,37.405467,-80.415425
791,5,63.2727272727273,62.58903363785437,0.683693634872931,36.929902778,-78.357877778
794,5,96.0,77.49682444781395,18.50317555218605,37.707777,-77.98889
795,5,42.1818181818182,48.47171572110834,-6.289897539290138,36.869055556,-82.775777777
797,5,63.2727272727273,72.8461412271543,-9.573413954427004,38.603765,-78.003857
804,5,19.8181818181818,32.23179590831006,-12.413614090128263,39.208417,-78.401
805,5,26.8,21.260960388738553,5.5390396112614475,38.042972,-79.722694
806,5,36.7272727272727,37.482465335217185,-0.7551926079444868,38.899431,-77.508614
815,5,81.0,79.41007887295657,1.589921127043425,36.6447,-79.832130556
818,5,57.0909090909091,61.0820360645412,-3.991126973632099,38.149083334,-78.429083333
826,5,32.9090909090909,29.484074679483847,3.4250162296070528,37.113386,-80.8795
829,5,41.8571428571429,42.99172011812968,-1.1345772609867808,37.355543,-79.929561
831,5,29.2727272727273,35.59755300843836,-6.324825735711062,36.721575,-81.477539
838,5,58.2727272727273,66.63490662541417,-8.362179352686873,38.434964,-77.524428
840,5,46.6363636363636,66.67230342358752,-20.035939787223924,36.917038889,-79.639558334
854,5,42.1818181818182,65.00869306822058,-22.82687488640238,38.400908,-77.869259
856,5,14.8181818181818,26.136133956795987,-11.317952138614187,36.991347,-81.443069
857,5,90.5454545454545,83.25831863644225,7.28713590901225,36.799888889,-78.638277778
860,5,34.2727272727273,32.594385579455185,1.6783416932721167,37.88385,-78.899319
863,5,97.6363636363636,84.83178498658707,12.80457864977653,36.640539,-78.794703
870,5,23.7272727272727,39.71472514358244,-15.98745241630974,37.589494,-79.506672
871,5,16.3636363636364,18.550888412503262,-2.1872520488668634,38.277636,-78.696653
878,5,65.8181818181818,63.57400283919418,2.2441789789876196,38.074722222,-78.531666667
891,5,35.3636363636364,35.56928845495629,-0.20565209131989093,38.882694,-78.684667
897,5,74.5454545454545,84.12134228630751,-9.575887740853005,37.637878,-77.7762
899,5,72.9090909090909,50.195743594484064,22.713347314606843,36.74575,-80.553519
917,5,57.0909090909091,67.73418817332009,-10.643279082410992,37.100806,-78.947311
927,5,36.5454545454545,46.159360409072846,-9.61390586361835,37.79065,-79.360403
929,5,85.2727272727273,84.84170725984437,0.43102001288292513,37.395388889,-77.597027778
932,5,95.6363636363636,88.31736719276559,7.31899644359801,37.344166667,-78.490833333
936,5,76.3636363636364,74.78461160889762,1.5790247547387821,37.638027778,-77.601888889
939,5,77.6363636363636,75.62856415528873,2.007799481074869,37.595694445,-77.476
942,5,83.6363636363636,82.67351528913177,0.9628483472318266,37.179555556,-78.418194445
945,5,93.8181818181818,88.52877279211746,5.289409026064334,37.334305555,-78.009916667
952,5,82.0,76.64962761788121,5.350372382118792,37.313569,-77.972686
953,5,72.1818181818182,70.68763692395946,1.4941812578587417,37.811383333,-78.7299
954,5,53.4545454545455,45.14542058847519,8.309124866070313,37.763111,-78.785742
955,5,17.0909090909091,33.95770822020365,-16.86679912929455,37.4128,-80.021
957,5,14.9090909090909,25.695986247131682,-10.786895338040782,37.54115,-80.323431
960,5,68.4545454545455,80.73438641063566,-12.279840956090169,36.731809494,-78.32326896
975,5,38.5454545454545,60.49898801629667,-21.953533470842174,37.3432,-79.6358
978,5,36.7272727272727,51.60963004651969,-14.882357319246992,36.799167,-82.27
986,5,30.0,30.29326643213534,-0.29326643213534,36.763333,-81.553056
987,5,49.1818181818182,31.168982522113108,18.012835659705093,37.88385,-78.899319
993,5,40.1818181818182,30.159313408756926,10.022504773061275,39.061028,-77.949583
995,5,57.8181818181818,60.625446475037,-2.807264656855203,37.996472,-78.520361
1016,5,40.6363636363636,39.5031824088205,1.1331812275430977,37.77175,-79.005889
1017,5,52.9090909090909,58.04090115253125,-5.1318102434403485,37.936556,-78.546278
1021,5,82.7272727272727,82.38786339115674,0.33940933611596336,36.926388889,-78.636111112
1024,5,56.9090909090909,75.57872852231766,-18.66963761322676,38.919044,-77.285881
1025,5,84.1818181818182,75.68712925097226,8.494688930845939,38.203261111,-77.6398
1027,5,36.3636363636364,70.59789473240569,-34.23425836876929,38.722944445,-77.214555556
1028,5,27.2727272727273,26.709417124213786,0.5633101485135121,38.702963889,-78.268669444
1034,5,87.0909090909091,84.38019884743058,2.710710243478516,37.445327,-78.481103
1035,5,40.1818181818182,61.4881748151222,-21.306356633304,37.205278,-81.872778
1044,5,21.8181818181818,28.45467472950108,-6.63649291131928,37.463344445,-80.348272222
1056,5,67.7272727272727,67.72716580485722,0.0001069224154832682,37.345756,-79.419717
1062,5,76.8181818181818,56.001981326400056,20.816200491781743,37.416383,-79.492778
1065,5,74.6363636363636,64.73182053500922,9.904543101354378,36.922461,-79.2064
1082,5,54.4545454545455,49.97966760799047,4.474877846555032,38.986781,-77.484642
1088,5,32.1818181818182,36.54082996437929,-4.35901178256109,37.4128,-80.021
1090,5,96.5454545454545,94.594353763381,1.9511007820735102,37.256666667,-81.459166667
1091,5,46.0,52.5351301753436,-6.535130175343603,38.6375,-77.5055
1092,5,88.3636363636364,79.93103093566336,8.432605427973044,36.799888889,-78.638277778
1095,5,49.7272727272727,69.7990681914027,-20.07179546413,37.060885,-79.940949
1103,5,53.0,40.33657339003203,12.66342660996797,38.644419444,-78.451788889
1104,5,36.1818181818182,35.80547812401788,0.37634005780032,38.842222222,-78.6025
1109,5,50.7272727272727,67.05477344697321,-16.327500719700517,37.407539,-78.637761
1111,5,68.3636363636364,59.888697447914375,8.474938915722028,37.858756,-78.320506
1114,5,95.9090909090909,73.22012692911349,22.688963979977416,36.792139,-79.112444
